SKU,Ime proizvoda,Status,Poslata kolicina,Pristigla kolicina,Datum verifikacije,__source_file,__source_sheet
AF-1,"Crna, Afro, 80cm (Rep na mrežicu)",Primljen prijem / otprema,50,50.0,2024-06-11 13:40:08,Slanje paketa - Prijem _ Otprema (1).xlsx,1. K0173
AF-10,"Svetlo Smeđa, Afro, 80cm, (Rep na mrežicu)",Primljen prijem / otprema,15,15.0,2024-06-11 13:40:08,Slanje paketa - Prijem _ Otprema (1).xlsx,1. K0173
AF-4,"Tamno Smeđa, Afro, 80cm (Rep na mrežicu)",Primljen prijem / otprema,40,40.0,2024-06-11 13:40:08,Slanje paketa - Prijem _ Otprema (1).xlsx,1. K0173
AF-6,"Smeđa, Afro, 80cm (Rep na mrežicu)",Primljen prijem / otprema,40,40.0,2024-06-11 13:40:08,Slanje paketa - Prijem _ Otprema (1).xlsx,1. K0173
AF-613,"Svetlo Plava, Afro, 80cm (Rep na mrežicu)",Primljen prijem / otprema,30,30.0,2024-06-11 13:40:08,Slanje paketa - Prijem _ Otprema (1).xlsx,1. K0173
AF-CRV,"Crveni, Afro, 80cm, (Rep na mrežicu)",Primljen prijem / otprema,5,5.0,2024-06-11 13:40:08,Slanje paketa - Prijem _ Otprema (1).xlsx,1. K0173
AF-K16,"Tamno Plava, Afro, 80cm (Rep na mrežicu)",Primljen prijem / otprema,30,30.0,2024-06-11 13:40:08,Slanje paketa - Prijem _ Otprema (1).xlsx,1. K0173
AF-MHG,"Mahagoni Crvena, Afro, 80cm (Rep na mrežicu)",Primljen prijem / otprema,5,5.0,2024-06-11 13:40:08,Slanje paketa - Prijem _ Otprema (1).xlsx,1. K0173
AF-SMO,"Smeđa Ombre, Afro, 80cm (Rep na mrežicu)",Primljen prijem / otprema,10,10.0,2024-06-11 13:40:08,Slanje paketa - Prijem _ Otprema (1).xlsx,1. K0173
AF-SMP,"Smeđe Plava Ombre, Afro, 80cm (Rep na mrežicu)",Primljen prijem / otprema,20,20.0,2024-06-11 13:40:08,Slanje paketa - Prijem _ Otprema (1).xlsx,1. K0173
DR-1B,"Crna, Ravna, 90cm (Rep na mrežicu)",Primljen prijem / otprema,40,40.0,2024-06-11 13:40:08,Slanje paketa - Prijem _ Otprema (1).xlsx,1. K0173
DR-PP,"Platinum plava ombre, Ravna, 90cm (Rep na mrežicu)",Primljen prijem / otprema,40,40.0,2024-06-11 13:40:08,Slanje paketa - Prijem _ Otprema (1).xlsx,1. K0173
DR-SIVPL,"Sivo Plava, Ravna, 90cm (Rep na mrežicu)",Primljen prijem / otprema,20,19.0,2024-06-11 13:40:08,Slanje paketa - Prijem _ Otprema (1).xlsx,1. K0173
DR-SMPLV,"Smeđe plava, ravna, 90cm (Rep na mrežicu)",Primljen prijem / otprema,20,20.0,2024-06-11 13:40:08,Slanje paketa - Prijem _ Otprema (1).xlsx,1. K0173
EKS-1B,"Crne, ravne, ekstenzije na klipse / češljiće",Primljen prijem / otprema,50,50.0,2024-06-11 13:40:08,Slanje paketa - Prijem _ Otprema (1).xlsx,1. K0173
EKS-4,"Tamno smeđe, ravne, ekstenzije na klipse / češljiće",Primljen prijem / otprema,40,39.0,2024-06-11 13:40:08,Slanje paketa - Prijem _ Otprema (1).xlsx,1. K0173
EKS-6,Smeđe ravne ekstenzije na klipse / češljiće,Primljen prijem / otprema,40,40.0,2024-06-11 13:40:08,Slanje paketa - Prijem _ Otprema (1).xlsx,1. K0173
EKS-613,Ekstenzije svetlo plava ravna,Primljen prijem / otprema,35,0.0,2024-06-11 13:40:08,Slanje paketa - Prijem _ Otprema (1).xlsx,1. K0173
EKS-K16,"Tamno plave, ravne, ekstenzije na klipse / češljiće",Primljen prijem / otprema,35,35.0,2024-06-11 13:40:08,Slanje paketa - Prijem _ Otprema (1).xlsx,1. K0173
EKS-SSP,"Smeđe sa pramenovima, ravne, ekstenzije na klipse / češljiće",Primljen prijem / otprema,20,20.0,2024-06-11 13:40:08,Slanje paketa - Prijem _ Otprema (1).xlsx,1. K0173
OPK-1B,"Crna, Opuštena kovrča, 80cm (Rep na mrežicu)",Primljen prijem / otprema,50,55.0,2024-06-11 13:40:08,Slanje paketa - Prijem _ Otprema (1).xlsx,1. K0173
OPK-K16,"Tamno Plava, Opuštena kovrča, 80cm (Rep na mrežicu)",Primljen prijem / otprema,40,40.0,2024-06-11 13:40:08,Slanje paketa - Prijem _ Otprema (1).xlsx,1. K0173
OPK-MHG,"Mahagoni Crvena, Opuštena kovrča, 80cm, (Rep na mrežicu)",Primljen prijem / otprema,10,10.0,2024-06-11 13:40:08,Slanje paketa - Prijem _ Otprema (1).xlsx,1. K0173
OPK-NTP,"Šampanjac Plava, Opuštena kovrča, 80cm (Rep na mrežicu)",Primljen prijem / otprema,30,30.0,2024-06-11 13:40:08,Slanje paketa - Prijem _ Otprema (1).xlsx,1. K0173
OPK-SMO,"Smeđa Ombre, Opuštena Kovrča, 80cm, (Rep na mrežicu)",Primljen prijem / otprema,30,20.0,2024-06-11 13:40:08,Slanje paketa - Prijem _ Otprema (1).xlsx,1. K0173
OPK-SMP,"Smeđe Plava Ombre, Opuštena kovrča, 80cm (Rep na mrežicu)",Primljen prijem / otprema,40,40.0,2024-06-11 13:40:08,Slanje paketa - Prijem _ Otprema (1).xlsx,1. K0173
RR-10,"Svetlo Smeđa, Ravna, 75cm (Rep na mrežicu)",Primljen prijem / otprema,20,20.0,2024-06-11 13:40:08,Slanje paketa - Prijem _ Otprema (1).xlsx,1. K0173
RR-1B,"Crna, Ravna, 75cm (Rep na mrežicu)",Primljen prijem / otprema,55,55.0,2024-06-11 13:40:08,Slanje paketa - Prijem _ Otprema (1).xlsx,1. K0173
RR-350,"Crvena, Ravna, 75cm, (Rep na mrežicu)",Primljen prijem / otprema,5,4.0,2024-06-11 13:40:08,Slanje paketa - Prijem _ Otprema (1).xlsx,1. K0173
RR-4,"Tamno smeđa, Ravna, 75cm (Rep na mrežicu)",Primljen prijem / otprema,55,55.0,2024-06-11 13:40:08,Slanje paketa - Prijem _ Otprema (1).xlsx,1. K0173
RR-6,"Smeđa, Ravna, 75cm (Rep na mrežicu)",Primljen prijem / otprema,55,55.0,2024-06-11 13:40:08,Slanje paketa - Prijem _ Otprema (1).xlsx,1. K0173
RR-613,"Svetlo Plava, Ravna, 75cm (Rep na mrežicu)",Primljen prijem / otprema,50,50.0,2024-06-11 13:40:08,Slanje paketa - Prijem _ Otprema (1).xlsx,1. K0173
RR-K16,"Tamno Plava, Ravna, 75cm, (Rep na mrežicu)",Primljen prijem / otprema,50,50.0,2024-06-11 13:40:08,Slanje paketa - Prijem _ Otprema (1).xlsx,1. K0173
RR-MHG,"Mahagoni Crvena, Ravna, 75cm, (Rep na mrežicu)",Primljen prijem / otprema,15,15.0,2024-06-11 13:40:08,Slanje paketa - Prijem _ Otprema (1).xlsx,1. K0173
RR-SMO,"Smeđa ombre, Ravna, 75cm, (Rep na mrežicu)",Primljen prijem / otprema,10,10.0,2024-06-11 13:40:08,Slanje paketa - Prijem _ Otprema (1).xlsx,1. K0173
RR-SMP,"Smeđe Plava Ombre, Ravna, 75cm (Rep na mrežicu)",Primljen prijem / otprema,35,35.0,2024-06-11 13:40:08,Slanje paketa - Prijem _ Otprema (1).xlsx,1. K0173
TRK-10,"Svetlo smeđi, ravni, rep na čičak trakicu, 75cm",Primljen prijem / otprema,15,15.0,2024-06-11 13:40:08,Slanje paketa - Prijem _ Otprema (1).xlsx,1. K0173
TRK-1B,"Crni, ravni, Rep na čičak trakicu, 75cm",Primljen prijem / otprema,30,30.0,2024-06-11 13:40:08,Slanje paketa - Prijem _ Otprema (1).xlsx,1. K0173
TRK-4,"Tamno smeđi, ravni, rep na čičak trakicu, 75cm",Primljen prijem / otprema,20,20.0,2024-06-11 13:40:08,Slanje paketa - Prijem _ Otprema (1).xlsx,1. K0173
TRK-6,"Smeđi, ravni, rep na čičak trakicu, 75cm",Primljen prijem / otprema,20,20.0,2024-06-11 13:40:08,Slanje paketa - Prijem _ Otprema (1).xlsx,1. K0173
TRK-613,"Svetlo Plavi, ravni, rep na čičak trakicu",Primljen prijem / otprema,20,20.0,2024-06-11 13:40:08,Slanje paketa - Prijem _ Otprema (1).xlsx,1. K0173
TRK-K16,"Tamno plavi, ravni, rep na čičak trakicu, 75cm",Primljen prijem / otprema,20,20.0,2024-06-11 13:40:08,Slanje paketa - Prijem _ Otprema (1).xlsx,1. K0173
OPK-4,"Tamno Smeđa, Opuštena Kovrča, 80cm (Rep na mrežicu)",Primljen prijem / otprema,1,1.0,2024-12-02 16:27:53,Slanje paketa - Prijem _ Otprema (10).xlsx,1. K0173
AF-1,"Crna, Afro, 80cm (Rep na mrežicu)",Primljen prijem / otprema,50,50.0,2025-01-29 09:20:38,Slanje paketa - Prijem _ Otprema (11).xlsx,1. K0173
AF-10,"Svetlo Smeđa, Afro, 80cm, (Rep na mrežicu)",Primljen prijem / otprema,10,10.0,2025-01-29 09:20:38,Slanje paketa - Prijem _ Otprema (11).xlsx,1. K0173
AF-2,"Najtamnija Smeđa, Afro, 80cm (Rep na mrežicu)",Primljen prijem / otprema,20,20.0,2025-01-29 09:20:38,Slanje paketa - Prijem _ Otprema (11).xlsx,1. K0173
AF-4,"Tamno Smeđa, Afro, 80cm (Rep na mrežicu)",Primljen prijem / otprema,30,30.0,2025-01-29 09:20:38,Slanje paketa - Prijem _ Otprema (11).xlsx,1. K0173
AF-6,"Smeđa, Afro, 80cm (Rep na mrežicu)",Primljen prijem / otprema,30,30.0,2025-01-29 09:20:38,Slanje paketa - Prijem _ Otprema (11).xlsx,1. K0173
AF-613/K16,AF-613/K16,Primljen prijem / otprema,20,20.0,2025-01-29 09:20:38,Slanje paketa - Prijem _ Otprema (11).xlsx,1. K0173
AF-K16,"Tamno Plava, Afro, 80cm (Rep na mrežicu)",Primljen prijem / otprema,30,30.0,2025-01-29 09:20:38,Slanje paketa - Prijem _ Otprema (11).xlsx,1. K0173
AF-MHG,"Mahagoni Crvena, Afro, 80cm (Rep na mrežicu)",Primljen prijem / otprema,10,10.0,2025-01-29 09:20:38,Slanje paketa - Prijem _ Otprema (11).xlsx,1. K0173
AF-SMO,"Smeđa Ombre, Afro, 80cm (Rep na mrežicu)",Primljen prijem / otprema,10,10.0,2025-01-29 09:20:38,Slanje paketa - Prijem _ Otprema (11).xlsx,1. K0173
AF-SMP,"Smeđe Plava Ombre, Afro, 80cm (Rep na mrežicu)",Primljen prijem / otprema,20,20.0,2025-01-29 09:20:38,Slanje paketa - Prijem _ Otprema (11).xlsx,1. K0173
AR-2,Ariana najtamnija smeda,Primljen prijem / otprema,25,25.0,2025-01-29 09:20:38,Slanje paketa - Prijem _ Otprema (11).xlsx,1. K0173
AR-4,Ariana tamno smedi,Primljen prijem / otprema,25,25.0,2025-01-29 09:20:38,Slanje paketa - Prijem _ Otprema (11).xlsx,1. K0173
AR-613,Ariana svetlo plavi,Primljen prijem / otprema,20,20.0,2025-01-29 09:20:38,Slanje paketa - Prijem _ Otprema (11).xlsx,1. K0173
AR-K16,Ariana tamno plavi,Primljen prijem / otprema,25,25.0,2025-01-29 09:20:38,Slanje paketa - Prijem _ Otprema (11).xlsx,1. K0173
AR-PLO,Ariana platinum ombre,Primljen prijem / otprema,25,25.0,2025-01-29 09:20:38,Slanje paketa - Prijem _ Otprema (11).xlsx,1. K0173
DR-1B,"Crna, Ravna, 90cm (Rep na mrežicu)",Primljen prijem / otprema,30,30.0,2025-01-29 09:20:38,Slanje paketa - Prijem _ Otprema (11).xlsx,1. K0173
DR-4,"Tamno Smeđi, Ravni, 90cm (Rep na mrežicu)",Primljen prijem / otprema,30,30.0,2025-01-29 09:20:38,Slanje paketa - Prijem _ Otprema (11).xlsx,1. K0173
DR-SMPLV,"Smeđe plava, ravna, 90cm (Rep na mrežicu)",Primljen prijem / otprema,15,15.0,2025-01-29 09:20:38,Slanje paketa - Prijem _ Otprema (11).xlsx,1. K0173
EKS-10,"Svetlo smeđe, ravne, ekstenzije na klipse / češljiće",Primljen prijem / otprema,20,20.0,2025-01-29 09:20:38,Slanje paketa - Prijem _ Otprema (11).xlsx,1. K0173
EKS-1B,"Crne, ravne, ekstenzije na klipse / češljiće",Primljen prijem / otprema,60,60.0,2025-01-29 09:20:38,Slanje paketa - Prijem _ Otprema (11).xlsx,1. K0173
EKS-4,"Tamno smeđe, ravne, ekstenzije na klipse / češljiće",Primljen prijem / otprema,60,60.0,2025-01-29 09:20:38,Slanje paketa - Prijem _ Otprema (11).xlsx,1. K0173
EKS-6,Smeđe ravne ekstenzije na klipse / češljiće,Primljen prijem / otprema,60,60.0,2025-01-29 09:20:38,Slanje paketa - Prijem _ Otprema (11).xlsx,1. K0173
EKS-K16,"Tamno plave, ravne, ekstenzije na klipse / češljiće",Primljen prijem / otprema,40,40.0,2025-01-29 09:20:38,Slanje paketa - Prijem _ Otprema (11).xlsx,1. K0173
EKS-NAT,"Svetlo plave, ravne, ekstenzije na klipse / češljiće",Primljen prijem / otprema,40,40.0,2025-01-29 09:20:38,Slanje paketa - Prijem _ Otprema (11).xlsx,1. K0173
EKS-PLO,"Platinum plave ombre, ravne, ekstenzije na klipse / češljiće",Primljen prijem / otprema,15,15.0,2025-01-29 09:20:38,Slanje paketa - Prijem _ Otprema (11).xlsx,1. K0173
EKS-SMPLV,Ekstenzije smede plava ravna,Primljen prijem / otprema,15,15.0,2025-01-29 09:20:38,Slanje paketa - Prijem _ Otprema (11).xlsx,1. K0173
EKS-SRP,Ekstenzije srednje plava ravna,Primljen prijem / otprema,40,40.0,2025-01-29 09:20:38,Slanje paketa - Prijem _ Otprema (11).xlsx,1. K0173
KRO-1B,"Crna, Opuštena kovrča, 50cm (rep na mrežicu)",Primljen prijem / otprema,20,20.0,2025-01-29 09:20:38,Slanje paketa - Prijem _ Otprema (11).xlsx,1. K0173
KRO-2,"Najtamnija Smeđa, Opuštena kovrča, 50cm (rep na mrežicu)",Primljen prijem / otprema,20,20.0,2025-01-29 09:20:38,Slanje paketa - Prijem _ Otprema (11).xlsx,1. K0173
KRO-4,"Tamno smeđa, Opuštena kovrča, 50cm (rep na mrežicu)",Primljen prijem / otprema,20,20.0,2025-01-29 09:20:38,Slanje paketa - Prijem _ Otprema (11).xlsx,1. K0173
KRO-6,"Smeđa, Opuštena kovrča, 50cm (rep na mrežicu)",Primljen prijem / otprema,20,20.0,2025-01-29 09:20:38,Slanje paketa - Prijem _ Otprema (11).xlsx,1. K0173
KRO-613,"Svetlo plavi, Opuštena kovrča, 50cm (rep na mrežicu)",Primljen prijem / otprema,20,20.0,2025-01-29 09:20:38,Slanje paketa - Prijem _ Otprema (11).xlsx,1. K0173
KRO-MHG,"Mahagoni, Opuštena kovrča, 50cm (rep na mrežicu)",Primljen prijem / otprema,10,10.0,2025-01-29 09:20:38,Slanje paketa - Prijem _ Otprema (11).xlsx,1. K0173
KRO-PP,"Platinum plavi ombre, Opuštena kovrča, 50cm (rep na mrežicu)",Primljen prijem / otprema,30,30.0,2025-01-29 09:20:38,Slanje paketa - Prijem _ Otprema (11).xlsx,1. K0173
KRO-SMO,"Smeđi ombre, Opuštena kovrča, 50cm (rep na mrežicu)",Primljen prijem / otprema,20,20.0,2025-01-29 09:20:38,Slanje paketa - Prijem _ Otprema (11).xlsx,1. K0173
KRO-SMPLV,"Smeđe plavi, Opuštena kovrča, 50cm (rep na mrežicu)",Primljen prijem / otprema,20,20.0,2025-01-29 09:20:38,Slanje paketa - Prijem _ Otprema (11).xlsx,1. K0173
KRO-k16,"Tamno plavi, Opuštena kovrča, 50cm (rep na mrežicu)",Primljen prijem / otprema,30,30.0,2025-01-29 09:20:38,Slanje paketa - Prijem _ Otprema (11).xlsx,1. K0173
KRR-1B,"Crni, ravni rep, 50cm (rep ekstenzije)",Primljen prijem / otprema,10,10.0,2025-01-29 09:20:38,Slanje paketa - Prijem _ Otprema (11).xlsx,1. K0173
KRR-2,Najtamnija smeda kratki,Primljen prijem / otprema,15,15.0,2025-01-29 09:20:38,Slanje paketa - Prijem _ Otprema (11).xlsx,1. K0173
KRR-4,"Tamno smeđi, ravni rep, 50cm (rep ekstenzije)",Primljen prijem / otprema,15,15.0,2025-01-29 09:20:38,Slanje paketa - Prijem _ Otprema (11).xlsx,1. K0173
KRR-MHG,"Mahagoni, ravni rep, 50cm (rep ekstenzije)",Primljen prijem / otprema,10,10.0,2025-01-29 09:20:38,Slanje paketa - Prijem _ Otprema (11).xlsx,1. K0173
KRR-SMO,"Smeđi ombre, ravni rep, 50cm (rep ekstenzije)",Primljen prijem / otprema,10,10.0,2025-01-29 09:20:38,Slanje paketa - Prijem _ Otprema (11).xlsx,1. K0173
KRR-SMPLV,"Smeđe plavi, ravni rep, 50cm (rep ekstenzije)",Primljen prijem / otprema,10,10.0,2025-01-29 09:20:38,Slanje paketa - Prijem _ Otprema (11).xlsx,1. K0173
KRR-k16,"Tamno plavi, ravni rep, 50cm (rep ekstenzije)",Primljen prijem / otprema,15,15.0,2025-01-29 09:20:38,Slanje paketa - Prijem _ Otprema (11).xlsx,1. K0173
OPK-1B,"Crna, Opuštena kovrča, 80cm (Rep na mrežicu)",Primljen prijem / otprema,50,50.0,2025-01-29 09:20:38,Slanje paketa - Prijem _ Otprema (11).xlsx,1. K0173
OPK-2,"Najtamnija Smeđa, Opuštena Kovrča, 80cm (Rep na mrežicu)",Primljen prijem / otprema,20,20.0,2025-01-29 09:20:38,Slanje paketa - Prijem _ Otprema (11).xlsx,1. K0173
OPK-6,"Smeđa, Opuštena kovrča, 80cm (Rep na mrežicu)",Primljen prijem / otprema,20,20.0,2025-01-29 09:20:38,Slanje paketa - Prijem _ Otprema (11).xlsx,1. K0173
OPK-K16,"Tamno Plava, Opuštena kovrča, 80cm (Rep na mrežicu)",Primljen prijem / otprema,35,35.0,2025-01-29 09:20:38,Slanje paketa - Prijem _ Otprema (11).xlsx,1. K0173
OPK-NTP,"Šampanjac Plava, Opuštena kovrča, 80cm (Rep na mrežicu)",Primljen prijem / otprema,20,20.0,2025-01-29 09:20:38,Slanje paketa - Prijem _ Otprema (11).xlsx,1. K0173
OPK-SMO,"Smeđa Ombre, Opuštena Kovrča, 80cm, (Rep na mrežicu)",Primljen prijem / otprema,35,35.0,2025-01-29 09:20:38,Slanje paketa - Prijem _ Otprema (11).xlsx,1. K0173
OPK-SMP,"Smeđe Plava Ombre, Opuštena kovrča, 80cm (Rep na mrežicu)",Primljen prijem / otprema,15,15.0,2025-01-29 09:20:38,Slanje paketa - Prijem _ Otprema (11).xlsx,1. K0173
RR-10,"Svetlo Smeđa, Ravna, 75cm (Rep na mrežicu)",Primljen prijem / otprema,20,20.0,2025-01-29 09:20:38,Slanje paketa - Prijem _ Otprema (11).xlsx,1. K0173
RR-1B,"Crna, Ravna, 75cm (Rep na mrežicu)",Primljen prijem / otprema,60,60.0,2025-01-29 09:20:38,Slanje paketa - Prijem _ Otprema (11).xlsx,1. K0173
RR-2,"Najtamniji smeđi, ravni, 75cm (Rep na mrežicu)",Primljen prijem / otprema,30,30.0,2025-01-29 09:20:38,Slanje paketa - Prijem _ Otprema (11).xlsx,1. K0173
RR-350,"Crvena, Ravna, 75cm, (Rep na mrežicu)",Primljen prijem / otprema,10,10.0,2025-01-29 09:20:38,Slanje paketa - Prijem _ Otprema (11).xlsx,1. K0173
RR-4,"Tamno smeđa, Ravna, 75cm (Rep na mrežicu)",Primljen prijem / otprema,60,60.0,2025-01-29 09:20:38,Slanje paketa - Prijem _ Otprema (11).xlsx,1. K0173
RR-6,"Smeđa, Ravna, 75cm (Rep na mrežicu)",Primljen prijem / otprema,50,50.0,2025-01-29 09:20:38,Slanje paketa - Prijem _ Otprema (11).xlsx,1. K0173
RR-613/K16,RR613/K16,Primljen prijem / otprema,20,20.0,2025-01-29 09:20:38,Slanje paketa - Prijem _ Otprema (11).xlsx,1. K0173
RR-K16,"Tamno Plava, Ravna, 75cm, (Rep na mrežicu)",Primljen prijem / otprema,30,30.0,2025-01-29 09:20:38,Slanje paketa - Prijem _ Otprema (11).xlsx,1. K0173
RR-KAR,"Karamela, Ravna, 75cm (Rep na mrežicu)",Primljen prijem / otprema,10,10.0,2025-01-29 09:20:38,Slanje paketa - Prijem _ Otprema (11).xlsx,1. K0173
RR-MHG,"Mahagoni Crvena, Ravna, 75cm, (Rep na mrežicu)",Primljen prijem / otprema,10,10.0,2025-01-29 09:20:38,Slanje paketa - Prijem _ Otprema (11).xlsx,1. K0173
RR-SMO,"Smeđa ombre, Ravna, 75cm, (Rep na mrežicu)",Primljen prijem / otprema,15,15.0,2025-01-29 09:20:38,Slanje paketa - Prijem _ Otprema (11).xlsx,1. K0173
RR-SMP,"Smeđe Plava Ombre, Ravna, 75cm (Rep na mrežicu)",Primljen prijem / otprema,20,20.0,2025-01-29 09:20:38,Slanje paketa - Prijem _ Otprema (11).xlsx,1. K0173
RR-SRP,"Srednje Plavi, ravni, Rep na mrežicu",Primljen prijem / otprema,40,40.0,2025-01-29 09:20:38,Slanje paketa - Prijem _ Otprema (11).xlsx,1. K0173
PR33,PR33,Primljen prijem / otprema,1,1.0,2025-01-14 14:07:27,Slanje paketa - Prijem _ Otprema (12).xlsx,1. K0173
RR-PLAT,"Platinum, ravna, 75 (Rep na mrežicu)",Primljen prijem / otprema,1,1.0,2025-03-07 08:55:19,Slanje paketa - Prijem _ Otprema (13).xlsx,1. K0173
AF-613,"Svetlo Plava, Afro, 80cm (Rep na mrežicu)",Primljen prijem / otprema,20,20.0,2025-05-15 11:01:00,Slanje paketa - Prijem _ Otprema (14).xlsx,1. K0173
AF-CRV,"Crveni, Afro, 80cm, (Rep na mrežicu)",Primljen prijem / otprema,10,10.0,2025-05-15 11:01:00,Slanje paketa - Prijem _ Otprema (14).xlsx,1. K0173
AF-K16,"Tamno Plava, Afro, 80cm (Rep na mrežicu)",Primljen prijem / otprema,20,20.0,2025-05-15 11:01:00,Slanje paketa - Prijem _ Otprema (14).xlsx,1. K0173
AF-SMO,"Smeđa Ombre, Afro, 80cm (Rep na mrežicu)",Primljen prijem / otprema,10,10.0,2025-05-15 11:01:00,Slanje paketa - Prijem _ Otprema (14).xlsx,1. K0173
AF-SMP,"Smeđe Plava Ombre, Afro, 80cm (Rep na mrežicu)",Primljen prijem / otprema,20,20.0,2025-05-15 11:01:00,Slanje paketa - Prijem _ Otprema (14).xlsx,1. K0173
AR-1B,Ariana crni,Primljen prijem / otprema,50,50.0,2025-05-15 11:01:00,Slanje paketa - Prijem _ Otprema (14).xlsx,1. K0173
AR-2,Ariana najtamnija smeda,Primljen prijem / otprema,40,40.0,2025-05-15 11:01:00,Slanje paketa - Prijem _ Otprema (14).xlsx,1. K0173
AR-4,Ariana tamno smedi,Primljen prijem / otprema,40,40.0,2025-05-15 11:01:00,Slanje paketa - Prijem _ Otprema (14).xlsx,1. K0173
AR-613,Ariana svetlo plavi,Primljen prijem / otprema,30,30.0,2025-05-15 11:01:00,Slanje paketa - Prijem _ Otprema (14).xlsx,1. K0173
AR-K16,Ariana tamno plavi,Primljen prijem / otprema,30,30.0,2025-05-15 11:01:00,Slanje paketa - Prijem _ Otprema (14).xlsx,1. K0173
AR-Najpl,Ariana najtamnija plava,Primljen prijem / otprema,20,20.0,2025-05-15 11:01:00,Slanje paketa - Prijem _ Otprema (14).xlsx,1. K0173
AR-PLO,Ariana platinum ombre,Primljen prijem / otprema,20,20.0,2025-05-15 11:01:00,Slanje paketa - Prijem _ Otprema (14).xlsx,1. K0173
AR-SMPLV,Ariana smede plavi,Primljen prijem / otprema,40,40.0,2025-05-15 11:01:00,Slanje paketa - Prijem _ Otprema (14).xlsx,1. K0173
DR-1B,"Crna, Ravna, 90cm (Rep na mrežicu)",Primljen prijem / otprema,10,10.0,2025-05-15 11:01:00,Slanje paketa - Prijem _ Otprema (14).xlsx,1. K0173
DR-6,Dugi smedi,Primljen prijem / otprema,50,50.0,2025-05-15 11:01:00,Slanje paketa - Prijem _ Otprema (14).xlsx,1. K0173
DR-K16,Dugi tamno plavi,Primljen prijem / otprema,50,50.0,2025-05-15 11:01:00,Slanje paketa - Prijem _ Otprema (14).xlsx,1. K0173
DR-PP,"Platinum plava ombre, Ravna, 90cm (Rep na mrežicu)",Primljen prijem / otprema,20,20.0,2025-05-15 11:01:00,Slanje paketa - Prijem _ Otprema (14).xlsx,1. K0173
DR-SIVPL,"Sivo Plava, Ravna, 90cm (Rep na mrežicu)",Primljen prijem / otprema,15,15.0,2025-05-15 11:01:00,Slanje paketa - Prijem _ Otprema (14).xlsx,1. K0173
DR-SRP,Dugi srednje plavi,Primljen prijem / otprema,50,50.0,2025-05-15 11:01:00,Slanje paketa - Prijem _ Otprema (14).xlsx,1. K0173
EKS-1B,"Crne, ravne, ekstenzije na klipse / češljiće",Primljen prijem / otprema,50,50.0,2025-05-15 11:01:00,Slanje paketa - Prijem _ Otprema (14).xlsx,1. K0173
EKS-4,"Tamno smeđe, ravne, ekstenzije na klipse / češljiće",Primljen prijem / otprema,20,20.0,2025-05-15 11:01:00,Slanje paketa - Prijem _ Otprema (14).xlsx,1. K0173
EKS-6,Smeđe ravne ekstenzije na klipse / češljiće,Primljen prijem / otprema,20,20.0,2025-05-15 11:01:00,Slanje paketa - Prijem _ Otprema (14).xlsx,1. K0173
EKS-PLO,"Platinum plave ombre, ravne, ekstenzije na klipse / češljiće",Primljen prijem / otprema,30,30.0,2025-05-15 11:01:00,Slanje paketa - Prijem _ Otprema (14).xlsx,1. K0173
EKS-PRAM,"Smeđe s plavim pramenovima, ravne, ekstenzije na klipse / češljiće",Primljen prijem / otprema,10,10.0,2025-05-15 11:01:00,Slanje paketa - Prijem _ Otprema (14).xlsx,1. K0173
EKS-SIVPL,"Sivo plave, ravne, ekstenzije na klipse / češljiće",Primljen prijem / otprema,10,10.0,2025-05-15 11:01:00,Slanje paketa - Prijem _ Otprema (14).xlsx,1. K0173
EKS-SMPLV,Ekstenzije smede plava ravna,Primljen prijem / otprema,20,20.0,2025-05-15 11:01:00,Slanje paketa - Prijem _ Otprema (14).xlsx,1. K0173
EKS-SRP,Ekstenzije srednje plava ravna,Primljen prijem / otprema,20,20.0,2025-05-15 11:01:00,Slanje paketa - Prijem _ Otprema (14).xlsx,1. K0173
EKS-SSP,"Smeđe sa pramenovima, ravne, ekstenzije na klipse / češljiće",Primljen prijem / otprema,20,20.0,2025-05-15 11:01:00,Slanje paketa - Prijem _ Otprema (14).xlsx,1. K0173
KRO-1B,"Crna, Opuštena kovrča, 50cm (rep na mrežicu)",Primljen prijem / otprema,40,40.0,2025-05-15 11:01:00,Slanje paketa - Prijem _ Otprema (14).xlsx,1. K0173
KRO-2,"Najtamnija Smeđa, Opuštena kovrča, 50cm (rep na mrežicu)",Primljen prijem / otprema,30,30.0,2025-05-15 11:01:00,Slanje paketa - Prijem _ Otprema (14).xlsx,1. K0173
KRO-4,"Tamno smeđa, Opuštena kovrča, 50cm (rep na mrežicu)",Primljen prijem / otprema,30,30.0,2025-05-15 11:01:00,Slanje paketa - Prijem _ Otprema (14).xlsx,1. K0173
KRO-6,"Smeđa, Opuštena kovrča, 50cm (rep na mrežicu)",Primljen prijem / otprema,20,20.0,2025-05-15 11:01:00,Slanje paketa - Prijem _ Otprema (14).xlsx,1. K0173
KRO-613,"Svetlo plavi, Opuštena kovrča, 50cm (rep na mrežicu)",Primljen prijem / otprema,10,10.0,2025-05-15 11:01:00,Slanje paketa - Prijem _ Otprema (14).xlsx,1. K0173
KRO-MHG,"Mahagoni, Opuštena kovrča, 50cm (rep na mrežicu)",Primljen prijem / otprema,10,10.0,2025-05-15 11:01:00,Slanje paketa - Prijem _ Otprema (14).xlsx,1. K0173
KRO-PP,"Platinum plavi ombre, Opuštena kovrča, 50cm (rep na mrežicu)",Primljen prijem / otprema,10,10.0,2025-05-15 11:01:00,Slanje paketa - Prijem _ Otprema (14).xlsx,1. K0173
KRO-SMO,"Smeđi ombre, Opuštena kovrča, 50cm (rep na mrežicu)",Primljen prijem / otprema,15,15.0,2025-05-15 11:01:00,Slanje paketa - Prijem _ Otprema (14).xlsx,1. K0173
KRO-SMPLV,"Smeđe plavi, Opuštena kovrča, 50cm (rep na mrežicu)",Primljen prijem / otprema,20,20.0,2025-05-15 11:01:00,Slanje paketa - Prijem _ Otprema (14).xlsx,1. K0173
KRO-k16,"Tamno plavi, Opuštena kovrča, 50cm (rep na mrežicu)",Primljen prijem / otprema,30,30.0,2025-05-15 11:01:00,Slanje paketa - Prijem _ Otprema (14).xlsx,1. K0173
KRR-1B,"Crni, ravni rep, 50cm (rep ekstenzije)",Primljen prijem / otprema,30,30.0,2025-05-15 11:01:00,Slanje paketa - Prijem _ Otprema (14).xlsx,1. K0173
KRR-2,Najtamnija smeda kratki,Primljen prijem / otprema,30,30.0,2025-05-15 11:01:00,Slanje paketa - Prijem _ Otprema (14).xlsx,1. K0173
KRR-4,"Tamno smeđi, ravni rep, 50cm (rep ekstenzije)",Primljen prijem / otprema,30,30.0,2025-05-15 11:01:00,Slanje paketa - Prijem _ Otprema (14).xlsx,1. K0173
KRR-6,Kratki smedi,Primljen prijem / otprema,80,80.0,2025-05-15 11:01:00,Slanje paketa - Prijem _ Otprema (14).xlsx,1. K0173
KRR-SMO,"Smeđi ombre, ravni rep, 50cm (rep ekstenzije)",Primljen prijem / otprema,20,20.0,2025-05-15 11:01:00,Slanje paketa - Prijem _ Otprema (14).xlsx,1. K0173
KRR-SMPLV,"Smeđe plavi, ravni rep, 50cm (rep ekstenzije)",Primljen prijem / otprema,20,20.0,2025-05-15 11:01:00,Slanje paketa - Prijem _ Otprema (14).xlsx,1. K0173
KRR-SRP,Kraki srednje plavi,Primljen prijem / otprema,50,50.0,2025-05-15 11:01:00,Slanje paketa - Prijem _ Otprema (14).xlsx,1. K0173
KRR-k16,"Tamno plavi, ravni rep, 50cm (rep ekstenzije)",Primljen prijem / otprema,40,40.0,2025-05-15 11:01:00,Slanje paketa - Prijem _ Otprema (14).xlsx,1. K0173
OPK-10,"Svetlo Smeđa, Opuštena kovrča, 80cm (Rep na mrežicu)",Primljen prijem / otprema,50,50.0,2025-05-15 11:01:00,Slanje paketa - Prijem _ Otprema (14).xlsx,1. K0173
OPK-1B,"Crna, Opuštena kovrča, 80cm (Rep na mrežicu)",Primljen prijem / otprema,30,30.0,2025-05-15 11:01:00,Slanje paketa - Prijem _ Otprema (14).xlsx,1. K0173
OPK-2,"Najtamnija Smeđa, Opuštena Kovrča, 80cm (Rep na mrežicu)",Primljen prijem / otprema,40,40.0,2025-05-15 11:01:00,Slanje paketa - Prijem _ Otprema (14).xlsx,1. K0173
OPK-6,"Smeđa, Opuštena kovrča, 80cm (Rep na mrežicu)",Primljen prijem / otprema,30,30.0,2025-05-15 11:01:00,Slanje paketa - Prijem _ Otprema (14).xlsx,1. K0173
OPK-K16,"Tamno Plava, Opuštena kovrča, 80cm (Rep na mrežicu)",Primljen prijem / otprema,40,40.0,2025-05-15 11:01:00,Slanje paketa - Prijem _ Otprema (14).xlsx,1. K0173
OPK-MHG,"Mahagoni Crvena, Opuštena kovrča, 80cm, (Rep na mrežicu)",Primljen prijem / otprema,20,20.0,2025-05-15 11:01:00,Slanje paketa - Prijem _ Otprema (14).xlsx,1. K0173
OPK-NTP,"Šampanjac Plava, Opuštena kovrča, 80cm (Rep na mrežicu)",Primljen prijem / otprema,20,20.0,2025-05-15 11:01:00,Slanje paketa - Prijem _ Otprema (14).xlsx,1. K0173
OPK-PLAT,"Platinum, Opuštena kovrča, 80cm (Rep na mrežicu)",Primljen prijem / otprema,50,50.0,2025-05-15 11:01:00,Slanje paketa - Prijem _ Otprema (14).xlsx,1. K0173
OPK-PLO,OPK platinum ombre,Primljen prijem / otprema,10,10.0,2025-05-15 11:01:00,Slanje paketa - Prijem _ Otprema (14).xlsx,1. K0173
OPK-SMEDPR,OPK smeda s pramenovima,Primljen prijem / otprema,50,50.0,2025-05-15 11:01:00,Slanje paketa - Prijem _ Otprema (14).xlsx,1. K0173
OPK-SMO,"Smeđa Ombre, Opuštena Kovrča, 80cm, (Rep na mrežicu)",Primljen prijem / otprema,30,30.0,2025-05-15 11:01:00,Slanje paketa - Prijem _ Otprema (14).xlsx,1. K0173
OPK-SMP,"Smeđe Plava Ombre, Opuštena kovrča, 80cm (Rep na mrežicu)",Primljen prijem / otprema,40,40.0,2025-05-15 11:01:00,Slanje paketa - Prijem _ Otprema (14).xlsx,1. K0173
PR00,PR00,Primljen prijem / otprema,5,5.0,2025-05-15 11:01:00,Slanje paketa - Prijem _ Otprema (14).xlsx,1. K0173
PR44,PR44,Primljen prijem / otprema,5,5.0,2025-05-15 11:01:00,Slanje paketa - Prijem _ Otprema (14).xlsx,1. K0173
PR51,PR51,Primljen prijem / otprema,10,10.0,2025-05-15 11:01:00,Slanje paketa - Prijem _ Otprema (14).xlsx,1. K0173
PR53,PR53,Primljen prijem / otprema,10,10.0,2025-05-15 11:01:00,Slanje paketa - Prijem _ Otprema (14).xlsx,1. K0173
PR55,PR55,Primljen prijem / otprema,10,10.0,2025-05-15 11:01:00,Slanje paketa - Prijem _ Otprema (14).xlsx,1. K0173
PR9,PR9,Primljen prijem / otprema,5,5.0,2025-05-15 11:01:00,Slanje paketa - Prijem _ Otprema (14).xlsx,1. K0173
RR-10,"Svetlo Smeđa, Ravna, 75cm (Rep na mrežicu)",Primljen prijem / otprema,15,15.0,2025-05-15 11:01:00,Slanje paketa - Prijem _ Otprema (14).xlsx,1. K0173
RR-1B,"Crna, Ravna, 75cm (Rep na mrežicu)",Primljen prijem / otprema,40,40.0,2025-05-15 11:01:00,Slanje paketa - Prijem _ Otprema (14).xlsx,1. K0173
RR-2,"Najtamniji smeđi, ravni, 75cm (Rep na mrežicu)",Primljen prijem / otprema,25,25.0,2025-05-15 11:01:00,Slanje paketa - Prijem _ Otprema (14).xlsx,1. K0173
RR-350,"Crvena, Ravna, 75cm, (Rep na mrežicu)",Primljen prijem / otprema,15,15.0,2025-05-15 11:01:00,Slanje paketa - Prijem _ Otprema (14).xlsx,1. K0173
RR-4,"Tamno smeđa, Ravna, 75cm (Rep na mrežicu)",Primljen prijem / otprema,20,20.0,2025-05-15 11:01:00,Slanje paketa - Prijem _ Otprema (14).xlsx,1. K0173
RR-6,"Smeđa, Ravna, 75cm (Rep na mrežicu)",Primljen prijem / otprema,25,25.0,2025-05-15 11:01:00,Slanje paketa - Prijem _ Otprema (14).xlsx,1. K0173
RR-613,"Svetlo Plava, Ravna, 75cm (Rep na mrežicu)",Primljen prijem / otprema,25,25.0,2025-05-15 11:01:00,Slanje paketa - Prijem _ Otprema (14).xlsx,1. K0173
RR-K16,"Tamno Plava, Ravna, 75cm, (Rep na mrežicu)",Primljen prijem / otprema,25,25.0,2025-05-15 11:01:00,Slanje paketa - Prijem _ Otprema (14).xlsx,1. K0173
RR-PLAT,"Platinum, ravna, 75 (Rep na mrežicu)",Primljen prijem / otprema,50,50.0,2025-05-15 11:01:00,Slanje paketa - Prijem _ Otprema (14).xlsx,1. K0173
RR-SMEDPR,"Svetlo smeđa sa pamenovima, ravna, 75 (rep na mrežicu)",Primljen prijem / otprema,60,60.0,2025-05-15 11:01:00,Slanje paketa - Prijem _ Otprema (14).xlsx,1. K0173
RR-SMO,"Smeđa ombre, Ravna, 75cm, (Rep na mrežicu)",Primljen prijem / otprema,30,30.0,2025-05-15 11:01:00,Slanje paketa - Prijem _ Otprema (14).xlsx,1. K0173
RR-SMP,"Smeđe Plava Ombre, Ravna, 75cm (Rep na mrežicu)",Primljen prijem / otprema,40,43.0,2025-05-15 11:01:00,Slanje paketa - Prijem _ Otprema (14).xlsx,1. K0173
RR-SRP,"Srednje Plavi, ravni, Rep na mrežicu",Primljen prijem / otprema,30,27.0,2025-05-15 11:01:00,Slanje paketa - Prijem _ Otprema (14).xlsx,1. K0173
U-1B,"Crna, Ravna, 65cm, (Jednodelne ""U"" Klipse)",Primljen prijem / otprema,80,80.0,2025-05-15 11:01:00,Slanje paketa - Prijem _ Otprema (14).xlsx,1. K0173
U-4,"Tamno Smeđe, Ravne, 65cm, (U Klipse)",Primljen prijem / otprema,70,70.0,2025-05-15 11:01:00,Slanje paketa - Prijem _ Otprema (14).xlsx,1. K0173
U-6,"Smeđe, 65cm, ravne (Jednodjelne ""U"" Klipse)",Primljen prijem / otprema,60,60.0,2025-05-15 11:01:00,Slanje paketa - Prijem _ Otprema (14).xlsx,1. K0173
U-613,"Svetlo Plave, 65cm, ravne (Jednodjelne ""U"" Klipse)",Primljen prijem / otprema,50,50.0,2025-05-15 11:01:00,Slanje paketa - Prijem _ Otprema (14).xlsx,1. K0173
U-K16,"Tamno Plava, Ravna, 65cm, (Jednodelne ""U"" Klipse)",Primljen prijem / otprema,60,60.0,2025-05-15 11:01:00,Slanje paketa - Prijem _ Otprema (14).xlsx,1. K0173
U-PLAT,"Platinum, Ravna, 65cm, (Jednodelne ""U"" Klipse)",Primljen prijem / otprema,50,50.0,2025-05-15 11:01:00,Slanje paketa - Prijem _ Otprema (14).xlsx,1. K0173
U-SMEDPR,U smeđa s pramenovima,Primljen prijem / otprema,60,60.0,2025-05-15 11:01:00,Slanje paketa - Prijem _ Otprema (14).xlsx,1. K0173
U-SRP,"Srednje Plava, Ravna, 65cm, (Jednodelne ""U"" Klipse)",Primljen prijem / otprema,60,60.0,2025-05-15 11:01:00,Slanje paketa - Prijem _ Otprema (14).xlsx,1. K0173
P017,P017,Primljen prijem / otprema,12,12.0,2025-05-20 07:38:20,Slanje paketa - Prijem _ Otprema (15).xlsx,1. K0173
P061,P061,Primljen prijem / otprema,5,5.0,2025-05-20 07:38:20,Slanje paketa - Prijem _ Otprema (15).xlsx,1. K0173
P066,P066,Primljen prijem / otprema,15,15.0,2025-05-20 07:38:20,Slanje paketa - Prijem _ Otprema (15).xlsx,1. K0173
P075,P075,Primljen prijem / otprema,15,15.0,2025-05-20 07:38:20,Slanje paketa - Prijem _ Otprema (15).xlsx,1. K0173
P081,P081,Primljen prijem / otprema,2,2.0,2025-05-20 07:38:20,Slanje paketa - Prijem _ Otprema (15).xlsx,1. K0173
P091,P091,Primljen prijem / otprema,12,12.0,2025-05-20 07:38:20,Slanje paketa - Prijem _ Otprema (15).xlsx,1. K0173
P095,P095,Primljen prijem / otprema,10,10.0,2025-05-20 07:38:20,Slanje paketa - Prijem _ Otprema (15).xlsx,1. K0173
PR1,PR1,Primljen prijem / otprema,2,2.0,2025-05-20 07:38:20,Slanje paketa - Prijem _ Otprema (15).xlsx,1. K0173
PR10,PR10,Primljen prijem / otprema,7,7.0,2025-05-20 07:38:20,Slanje paketa - Prijem _ Otprema (15).xlsx,1. K0173
PR11,PR11,Primljen prijem / otprema,5,5.0,2025-05-20 07:38:20,Slanje paketa - Prijem _ Otprema (15).xlsx,1. K0173
PR15,PR15,Primljen prijem / otprema,5,5.0,2025-05-20 07:38:20,Slanje paketa - Prijem _ Otprema (15).xlsx,1. K0173
PR19,PR19,Primljen prijem / otprema,7,7.0,2025-05-20 07:38:20,Slanje paketa - Prijem _ Otprema (15).xlsx,1. K0173
PR23,PR23,Primljen prijem / otprema,12,12.0,2025-05-20 07:38:20,Slanje paketa - Prijem _ Otprema (15).xlsx,1. K0173
PR25,PR25,Primljen prijem / otprema,10,10.0,2025-05-20 07:38:20,Slanje paketa - Prijem _ Otprema (15).xlsx,1. K0173
PR3,PR3,Primljen prijem / otprema,12,12.0,2025-05-20 07:38:20,Slanje paketa - Prijem _ Otprema (15).xlsx,1. K0173
PR31,PR31,Primljen prijem / otprema,7,7.0,2025-05-20 07:38:20,Slanje paketa - Prijem _ Otprema (15).xlsx,1. K0173
PR32,PR32,Primljen prijem / otprema,10,10.0,2025-05-20 07:38:20,Slanje paketa - Prijem _ Otprema (15).xlsx,1. K0173
PR33,PR33,Primljen prijem / otprema,5,5.0,2025-05-20 07:38:20,Slanje paketa - Prijem _ Otprema (15).xlsx,1. K0173
PR40,PR40,Primljen prijem / otprema,8,8.0,2025-05-20 07:38:20,Slanje paketa - Prijem _ Otprema (15).xlsx,1. K0173
PR41,PR41,Primljen prijem / otprema,5,5.0,2025-05-20 07:38:20,Slanje paketa - Prijem _ Otprema (15).xlsx,1. K0173
PR43,PR43,Primljen prijem / otprema,15,15.0,2025-05-20 07:38:20,Slanje paketa - Prijem _ Otprema (15).xlsx,1. K0173
PR6,PR6,Primljen prijem / otprema,10,10.0,2025-05-20 07:38:20,Slanje paketa - Prijem _ Otprema (15).xlsx,1. K0173
PR7,PR7,Primljen prijem / otprema,5,5.0,2025-05-20 07:38:20,Slanje paketa - Prijem _ Otprema (15).xlsx,1. K0173
PR8,PR8,Primljen prijem / otprema,15,15.0,2025-05-20 07:38:20,Slanje paketa - Prijem _ Otprema (15).xlsx,1. K0173
RR-2,"Najtamniji smeđi, ravni, 75cm (Rep na mrežicu)",Primljen prijem / otprema,1,1.0,2025-06-30 10:34:55,Slanje paketa - Prijem _ Otprema (16).xlsx,1. K0173
AF-1,"Crna, Afro, 80cm (Rep na mrežicu)",Primljen prijem / otprema,100,99.0,2025-08-16 10:19:42,Slanje paketa - Prijem _ Otprema (17).xlsx,1. K0173
AF-10,"Svetlo Smeđa, Afro, 80cm, (Rep na mrežicu)",Primljen prijem / otprema,20,20.0,2025-08-16 10:19:42,Slanje paketa - Prijem _ Otprema (17).xlsx,1. K0173
AF-2,"Najtamnija Smeđa, Afro, 80cm (Rep na mrežicu)",Primljen prijem / otprema,60,59.0,2025-08-16 10:19:42,Slanje paketa - Prijem _ Otprema (17).xlsx,1. K0173
AF-4,"Tamno Smeđa, Afro, 80cm (Rep na mrežicu)",Primljen prijem / otprema,70,70.0,2025-08-16 10:19:42,Slanje paketa - Prijem _ Otprema (17).xlsx,1. K0173
AF-6,"Smeđa, Afro, 80cm (Rep na mrežicu)",Primljen prijem / otprema,60,60.0,2025-08-16 10:19:42,Slanje paketa - Prijem _ Otprema (17).xlsx,1. K0173
AF-613,"Svetlo Plava, Afro, 80cm (Rep na mrežicu)",Primljen prijem / otprema,50,50.0,2025-08-16 10:19:42,Slanje paketa - Prijem _ Otprema (17).xlsx,1. K0173
AF-BRO,Rep bronza afro,Primljen prijem / otprema,15,15.0,2025-08-16 10:19:42,Slanje paketa - Prijem _ Otprema (17).xlsx,1. K0173
AF-CRV,"Crveni, Afro, 80cm, (Rep na mrežicu)",Primljen prijem / otprema,10,7.0,2025-08-16 10:19:42,Slanje paketa - Prijem _ Otprema (17).xlsx,1. K0173
AF-K16,"Tamno Plava, Afro, 80cm (Rep na mrežicu)",Primljen prijem / otprema,50,50.0,2025-08-16 10:19:42,Slanje paketa - Prijem _ Otprema (17).xlsx,1. K0173
AF-MHG,"Mahagoni Crvena, Afro, 80cm (Rep na mrežicu)",Primljen prijem / otprema,20,20.0,2025-08-16 10:19:42,Slanje paketa - Prijem _ Otprema (17).xlsx,1. K0173
AF-PLAT,"Platinum, Afro, 80cm (Rep na mrežicu)",Primljen prijem / otprema,50,50.0,2025-08-16 10:19:42,Slanje paketa - Prijem _ Otprema (17).xlsx,1. K0173
AF-SMEDPR,Rep svijetlo smedi s pram. afro,Primljen prijem / otprema,70,70.0,2025-08-16 10:19:42,Slanje paketa - Prijem _ Otprema (17).xlsx,1. K0173
AF-SMP,"Smeđe Plava Ombre, Afro, 80cm (Rep na mrežicu)",Primljen prijem / otprema,50,50.0,2025-08-16 10:19:42,Slanje paketa - Prijem _ Otprema (17).xlsx,1. K0173
AR-1B,Ariana crni,Primljen prijem / otprema,100,100.0,2025-08-16 10:19:42,Slanje paketa - Prijem _ Otprema (17).xlsx,1. K0173
AR-2,Ariana najtamnija smeda,Primljen prijem / otprema,70,70.0,2025-08-16 10:19:42,Slanje paketa - Prijem _ Otprema (17).xlsx,1. K0173
AR-4,Ariana tamno smedi,Primljen prijem / otprema,80,80.0,2025-08-16 10:19:42,Slanje paketa - Prijem _ Otprema (17).xlsx,1. K0173
AR-6,Arijana smedi,Primljen prijem / otprema,50,50.0,2025-08-16 10:19:42,Slanje paketa - Prijem _ Otprema (17).xlsx,1. K0173
AR-613,Ariana svetlo plavi,Primljen prijem / otprema,45,45.0,2025-08-16 10:19:42,Slanje paketa - Prijem _ Otprema (17).xlsx,1. K0173
AR-K16,Ariana tamno plavi,Primljen prijem / otprema,100,100.0,2025-08-16 10:19:42,Slanje paketa - Prijem _ Otprema (17).xlsx,1. K0173
AR-PLO,Ariana platinum ombre,Primljen prijem / otprema,50,50.0,2025-08-16 10:19:42,Slanje paketa - Prijem _ Otprema (17).xlsx,1. K0173
AR-SMO,Arijana smedi ombre,Primljen prijem / otprema,40,40.0,2025-08-16 10:19:42,Slanje paketa - Prijem _ Otprema (17).xlsx,1. K0173
AR-SMPLV,Ariana smede plavi,Primljen prijem / otprema,20,20.0,2025-08-16 10:19:42,Slanje paketa - Prijem _ Otprema (17).xlsx,1. K0173
AR-SRP,Arijana srednje plavi,Primljen prijem / otprema,50,50.0,2025-08-16 10:19:42,Slanje paketa - Prijem _ Otprema (17).xlsx,1. K0173
DR-1B,"Crna, Ravna, 90cm (Rep na mrežicu)",Primljen prijem / otprema,25,24.0,2025-08-16 10:19:42,Slanje paketa - Prijem _ Otprema (17).xlsx,1. K0173
DR-4,"Tamno Smeđi, Ravni, 90cm (Rep na mrežicu)",Primljen prijem / otprema,20,20.0,2025-08-16 10:19:42,Slanje paketa - Prijem _ Otprema (17).xlsx,1. K0173
EKS-10,"Svetlo smeđe, ravne, ekstenzije na klipse / češljiće",Primljen prijem / otprema,50,50.0,2025-08-16 10:19:42,Slanje paketa - Prijem _ Otprema (17).xlsx,1. K0173
EKS-1B,"Crne, ravne, ekstenzije na klipse / češljiće",Primljen prijem / otprema,70,70.0,2025-08-16 10:19:42,Slanje paketa - Prijem _ Otprema (17).xlsx,1. K0173
EKS-4,"Tamno smeđe, ravne, ekstenzije na klipse / češljiće",Primljen prijem / otprema,60,60.0,2025-08-16 10:19:42,Slanje paketa - Prijem _ Otprema (17).xlsx,1. K0173
EKS-6,Smeđe ravne ekstenzije na klipse / češljiće,Primljen prijem / otprema,60,60.0,2025-08-16 10:19:42,Slanje paketa - Prijem _ Otprema (17).xlsx,1. K0173
EKS-613,Ekstenzije svetlo plava ravna,Primljen prijem / otprema,50,50.0,2025-08-16 10:19:42,Slanje paketa - Prijem _ Otprema (17).xlsx,1. K0173
EKS-K16,"Tamno plave, ravne, ekstenzije na klipse / češljiće",Primljen prijem / otprema,10,10.0,2025-08-16 10:19:42,Slanje paketa - Prijem _ Otprema (17).xlsx,1. K0173
EKS-PLAT,Ekstenzije platina,Primljen prijem / otprema,50,50.0,2025-08-16 10:19:42,Slanje paketa - Prijem _ Otprema (17).xlsx,1. K0173
EKS-SRP,Ekstenzije srednje plava ravna,Primljen prijem / otprema,40,40.0,2025-08-16 10:19:42,Slanje paketa - Prijem _ Otprema (17).xlsx,1. K0173
EKSOPK-1B,Ekstenzije crna opk,Primljen prijem / otprema,50,50.0,2025-08-16 10:19:42,Slanje paketa - Prijem _ Otprema (17).xlsx,1. K0173
EKSOPK-4,Ekstenzije tamno smeda OPK,Primljen prijem / otprema,50,50.0,2025-08-16 10:19:42,Slanje paketa - Prijem _ Otprema (17).xlsx,1. K0173
EKSOPK-6,Ekstenzije smeda opk,Primljen prijem / otprema,50,50.0,2025-08-16 10:19:42,Slanje paketa - Prijem _ Otprema (17).xlsx,1. K0173
EKSOPK-613,Ekstenzije svetlo plava OPK,Primljen prijem / otprema,50,50.0,2025-08-16 10:19:42,Slanje paketa - Prijem _ Otprema (17).xlsx,1. K0173
EKSOPK-K16,Ekstenzije tamno plava OPK,Primljen prijem / otprema,40,40.0,2025-08-16 10:19:42,Slanje paketa - Prijem _ Otprema (17).xlsx,1. K0173
EKSOPK-PLAT,Ekstenzije platina OPK,Primljen prijem / otprema,50,50.0,2025-08-16 10:19:42,Slanje paketa - Prijem _ Otprema (17).xlsx,1. K0173
EKSOPK-SMEDPR,Ekstenzije svetlo smeda s pramenovima OPK,Primljen prijem / otprema,50,50.0,2025-08-16 10:19:42,Slanje paketa - Prijem _ Otprema (17).xlsx,1. K0173
EKSOPK-SRP,Ekstenzije srednje plava OPK,Primljen prijem / otprema,40,0.0,2025-08-16 10:19:42,Slanje paketa - Prijem _ Otprema (17).xlsx,1. K0173
KRO-1B,"Crna, Opuštena kovrča, 50cm (rep na mrežicu)",Primljen prijem / otprema,50,50.0,2025-08-16 10:19:42,Slanje paketa - Prijem _ Otprema (17).xlsx,1. K0173
KRO-2,"Najtamnija Smeđa, Opuštena kovrča, 50cm (rep na mrežicu)",Primljen prijem / otprema,50,50.0,2025-08-16 10:19:42,Slanje paketa - Prijem _ Otprema (17).xlsx,1. K0173
KRO-4,"Tamno smeđa, Opuštena kovrča, 50cm (rep na mrežicu)",Primljen prijem / otprema,50,50.0,2025-08-16 10:19:42,Slanje paketa - Prijem _ Otprema (17).xlsx,1. K0173
KRO-6,"Smeđa, Opuštena kovrča, 50cm (rep na mrežicu)",Primljen prijem / otprema,70,70.0,2025-08-16 10:19:42,Slanje paketa - Prijem _ Otprema (17).xlsx,1. K0173
KRO-613,"Svetlo plavi, Opuštena kovrča, 50cm (rep na mrežicu)",Primljen prijem / otprema,50,50.0,2025-08-16 10:19:42,Slanje paketa - Prijem _ Otprema (17).xlsx,1. K0173
KRO-MHG,"Mahagoni, Opuštena kovrča, 50cm (rep na mrežicu)",Primljen prijem / otprema,10,10.0,2025-08-16 10:19:42,Slanje paketa - Prijem _ Otprema (17).xlsx,1. K0173
KRO-PP,"Platinum plavi ombre, Opuštena kovrča, 50cm (rep na mrežicu)",Primljen prijem / otprema,20,20.0,2025-08-16 10:19:42,Slanje paketa - Prijem _ Otprema (17).xlsx,1. K0173
KRO-SMO,"Smeđi ombre, Opuštena kovrča, 50cm (rep na mrežicu)",Primljen prijem / otprema,50,50.0,2025-08-16 10:19:42,Slanje paketa - Prijem _ Otprema (17).xlsx,1. K0173
KRO-SMPLV,"Smeđe plavi, Opuštena kovrča, 50cm (rep na mrežicu)",Primljen prijem / otprema,60,36.0,2025-08-16 10:19:42,Slanje paketa - Prijem _ Otprema (17).xlsx,1. K0173
KRO-k16,"Tamno plavi, Opuštena kovrča, 50cm (rep na mrežicu)",Primljen prijem / otprema,50,50.0,2025-08-16 10:19:42,Slanje paketa - Prijem _ Otprema (17).xlsx,1. K0173
KRR-10,Rep kratki svetlo smedi,Primljen prijem / otprema,50,50.0,2025-08-16 10:19:42,Slanje paketa - Prijem _ Otprema (17).xlsx,1. K0173
KRR-1B,"Crni, ravni rep, 50cm (rep ekstenzije)",Primljen prijem / otprema,20,20.0,2025-08-16 10:19:42,Slanje paketa - Prijem _ Otprema (17).xlsx,1. K0173
KRR-2,Najtamnija smeda kratki,Primljen prijem / otprema,20,20.0,2025-08-16 10:19:42,Slanje paketa - Prijem _ Otprema (17).xlsx,1. K0173
KRR-4,"Tamno smeđi, ravni rep, 50cm (rep ekstenzije)",Primljen prijem / otprema,50,50.0,2025-08-16 10:19:42,Slanje paketa - Prijem _ Otprema (17).xlsx,1. K0173
KRR-MHG,"Mahagoni, ravni rep, 50cm (rep ekstenzije)",Primljen prijem / otprema,10,10.0,2025-08-16 10:19:42,Slanje paketa - Prijem _ Otprema (17).xlsx,1. K0173
KRR-PLAT,Rep kratki platina,Primljen prijem / otprema,50,50.0,2025-08-16 10:19:42,Slanje paketa - Prijem _ Otprema (17).xlsx,1. K0173
KRR-SMO,"Smeđi ombre, ravni rep, 50cm (rep ekstenzije)",Primljen prijem / otprema,30,30.0,2025-08-16 10:19:42,Slanje paketa - Prijem _ Otprema (17).xlsx,1. K0173
KRR-SMPLV,"Smeđe plavi, ravni rep, 50cm (rep ekstenzije)",Primljen prijem / otprema,40,40.0,2025-08-16 10:19:42,Slanje paketa - Prijem _ Otprema (17).xlsx,1. K0173
KRR-SRP,Kraki srednje plavi,Primljen prijem / otprema,30,30.0,2025-08-16 10:19:42,Slanje paketa - Prijem _ Otprema (17).xlsx,1. K0173
KRR-k16,"Tamno plavi, ravni rep, 50cm (rep ekstenzije)",Primljen prijem / otprema,30,30.0,2025-08-16 10:19:42,Slanje paketa - Prijem _ Otprema (17).xlsx,1. K0173
OPK-1B,"Crna, Opuštena kovrča, 80cm (Rep na mrežicu)",Primljen prijem / otprema,140,140.0,2025-08-16 10:19:42,Slanje paketa - Prijem _ Otprema (17).xlsx,1. K0173
OPK-2,"Najtamnija Smeđa, Opuštena Kovrča, 80cm (Rep na mrežicu)",Primljen prijem / otprema,50,50.0,2025-08-16 10:19:42,Slanje paketa - Prijem _ Otprema (17).xlsx,1. K0173
OPK-4,"Tamno Smeđa, Opuštena Kovrča, 80cm (Rep na mrežicu)",Primljen prijem / otprema,100,93.0,2025-08-16 10:19:42,Slanje paketa - Prijem _ Otprema (17).xlsx,1. K0173
OPK-6,"Smeđa, Opuštena kovrča, 80cm (Rep na mrežicu)",Primljen prijem / otprema,70,70.0,2025-08-16 10:19:42,Slanje paketa - Prijem _ Otprema (17).xlsx,1. K0173
OPK-K16,"Tamno Plava, Opuštena kovrča, 80cm (Rep na mrežicu)",Primljen prijem / otprema,40,40.0,2025-08-16 10:19:42,Slanje paketa - Prijem _ Otprema (17).xlsx,1. K0173
OPK-MHG,"Mahagoni Crvena, Opuštena kovrča, 80cm, (Rep na mrežicu)",Primljen prijem / otprema,20,20.0,2025-08-16 10:19:42,Slanje paketa - Prijem _ Otprema (17).xlsx,1. K0173
OPK-NTP,"Šampanjac Plava, Opuštena kovrča, 80cm (Rep na mrežicu)",Primljen prijem / otprema,50,41.0,2025-08-16 10:19:42,Slanje paketa - Prijem _ Otprema (17).xlsx,1. K0173
OPK-PLAT,"Platinum, Opuštena kovrča, 80cm (Rep na mrežicu)",Primljen prijem / otprema,50,50.0,2025-08-16 10:19:42,Slanje paketa - Prijem _ Otprema (17).xlsx,1. K0173
OPK-PLO,OPK platinum ombre,Primljen prijem / otprema,30,30.0,2025-08-16 10:19:42,Slanje paketa - Prijem _ Otprema (17).xlsx,1. K0173
OPK-SMEDPR,OPK smeda s pramenovima,Primljen prijem / otprema,50,50.0,2025-08-16 10:19:42,Slanje paketa - Prijem _ Otprema (17).xlsx,1. K0173
OPK-SMO,"Smeđa Ombre, Opuštena Kovrča, 80cm, (Rep na mrežicu)",Primljen prijem / otprema,60,60.0,2025-08-16 10:19:42,Slanje paketa - Prijem _ Otprema (17).xlsx,1. K0173
OPK-SMP,"Smeđe Plava Ombre, Opuštena kovrča, 80cm (Rep na mrežicu)",Primljen prijem / otprema,40,40.0,2025-08-16 10:19:42,Slanje paketa - Prijem _ Otprema (17).xlsx,1. K0173
RR-10,"Svetlo Smeđa, Ravna, 75cm (Rep na mrežicu)",Primljen prijem / otprema,30,30.0,2025-08-16 10:19:42,Slanje paketa - Prijem _ Otprema (17).xlsx,1. K0173
RR-1B,"Crna, Ravna, 75cm (Rep na mrežicu)",Primljen prijem / otprema,80,80.0,2025-08-16 10:19:42,Slanje paketa - Prijem _ Otprema (17).xlsx,1. K0173
RR-2,"Najtamniji smeđi, ravni, 75cm (Rep na mrežicu)",Primljen prijem / otprema,40,40.0,2025-08-16 10:19:42,Slanje paketa - Prijem _ Otprema (17).xlsx,1. K0173
RR-350,"Crvena, Ravna, 75cm, (Rep na mrežicu)",Primljen prijem / otprema,20,20.0,2025-08-16 10:19:42,Slanje paketa - Prijem _ Otprema (17).xlsx,1. K0173
RR-4,"Tamno smeđa, Ravna, 75cm (Rep na mrežicu)",Primljen prijem / otprema,60,60.0,2025-08-16 10:19:42,Slanje paketa - Prijem _ Otprema (17).xlsx,1. K0173
RR-6,"Smeđa, Ravna, 75cm (Rep na mrežicu)",Primljen prijem / otprema,60,60.0,2025-08-16 10:19:42,Slanje paketa - Prijem _ Otprema (17).xlsx,1. K0173
RR-613,"Svetlo Plava, Ravna, 75cm (Rep na mrežicu)",Primljen prijem / otprema,40,40.0,2025-08-16 10:19:42,Slanje paketa - Prijem _ Otprema (17).xlsx,1. K0173
RR-8,Rep cimet smeda,Primljen prijem / otprema,50,50.0,2025-08-16 10:19:42,Slanje paketa - Prijem _ Otprema (17).xlsx,1. K0173
RR-BRO,Rep bronza ravni,Primljen prijem / otprema,15,15.0,2025-08-16 10:19:42,Slanje paketa - Prijem _ Otprema (17).xlsx,1. K0173
RR-K16,"Tamno Plava, Ravna, 75cm, (Rep na mrežicu)",Primljen prijem / otprema,40,40.0,2025-08-16 10:19:42,Slanje paketa - Prijem _ Otprema (17).xlsx,1. K0173
RR-KAR,"Karamela, Ravna, 75cm (Rep na mrežicu)",Primljen prijem / otprema,15,15.0,2025-08-16 10:19:42,Slanje paketa - Prijem _ Otprema (17).xlsx,1. K0173
RR-MHG,"Mahagoni Crvena, Ravna, 75cm, (Rep na mrežicu)",Primljen prijem / otprema,30,30.0,2025-08-16 10:19:42,Slanje paketa - Prijem _ Otprema (17).xlsx,1. K0173
RR-PLAT,"Platinum, ravna, 75 (Rep na mrežicu)",Primljen prijem / otprema,50,50.0,2025-08-16 10:19:42,Slanje paketa - Prijem _ Otprema (17).xlsx,1. K0173
RR-PLO,Rep platinum ombre ravni,Primljen prijem / otprema,30,70.0,2025-08-16 10:19:42,Slanje paketa - Prijem _ Otprema (17).xlsx,1. K0173
RR-SIVPL,Rep sivo plavi ravni,Primljen prijem / otprema,15,15.0,2025-08-16 10:19:42,Slanje paketa - Prijem _ Otprema (17).xlsx,1. K0173
RR-SMEDPR,"Svetlo smeđa sa pamenovima, ravna, 75 (rep na mrežicu)",Primljen prijem / otprema,50,50.0,2025-08-16 10:19:42,Slanje paketa - Prijem _ Otprema (17).xlsx,1. K0173
RR-SMO,"Smeđa ombre, Ravna, 75cm, (Rep na mrežicu)",Primljen prijem / otprema,30,30.0,2025-08-16 10:19:42,Slanje paketa - Prijem _ Otprema (17).xlsx,1. K0173
RR-SMP,"Smeđe Plava Ombre, Ravna, 75cm (Rep na mrežicu)",Primljen prijem / otprema,35,35.0,2025-08-16 10:19:42,Slanje paketa - Prijem _ Otprema (17).xlsx,1. K0173
RR-SRP,"Srednje Plavi, ravni, Rep na mrežicu",Primljen prijem / otprema,40,40.0,2025-08-16 10:19:42,Slanje paketa - Prijem _ Otprema (17).xlsx,1. K0173
TRK-10,"Svetlo smeđi, ravni, rep na čičak trakicu, 75cm",Primljen prijem / otprema,15,15.0,2025-08-16 10:19:42,Slanje paketa - Prijem _ Otprema (17).xlsx,1. K0173
TRK-1B,"Crni, ravni, Rep na čičak trakicu, 75cm",Primljen prijem / otprema,20,19.0,2025-08-16 10:19:42,Slanje paketa - Prijem _ Otprema (17).xlsx,1. K0173
TRK-4,"Tamno smeđi, ravni, rep na čičak trakicu, 75cm",Primljen prijem / otprema,40,40.0,2025-08-16 10:19:42,Slanje paketa - Prijem _ Otprema (17).xlsx,1. K0173
TRK-6,"Smeđi, ravni, rep na čičak trakicu, 75cm",Primljen prijem / otprema,20,20.0,2025-08-16 10:19:42,Slanje paketa - Prijem _ Otprema (17).xlsx,1. K0173
TRK-613,"Svetlo Plavi, ravni, rep na čičak trakicu",Primljen prijem / otprema,20,20.0,2025-08-16 10:19:42,Slanje paketa - Prijem _ Otprema (17).xlsx,1. K0173
TRK-K16,"Tamno plavi, ravni, rep na čičak trakicu, 75cm",Primljen prijem / otprema,15,15.0,2025-08-16 10:19:42,Slanje paketa - Prijem _ Otprema (17).xlsx,1. K0173
U-1B,"Crna, Ravna, 65cm, (Jednodelne ""U"" Klipse)",Primljen prijem / otprema,130,129.0,2025-08-16 10:19:42,Slanje paketa - Prijem _ Otprema (17).xlsx,1. K0173
U-2,U najtamnija smeda,Primljen prijem / otprema,80,80.0,2025-08-16 10:19:42,Slanje paketa - Prijem _ Otprema (17).xlsx,1. K0173
U-4,"Tamno Smeđe, Ravne, 65cm, (U Klipse)",Primljen prijem / otprema,80,80.0,2025-08-16 10:19:42,Slanje paketa - Prijem _ Otprema (17).xlsx,1. K0173
U-6,"Smeđe, 65cm, ravne (Jednodjelne ""U"" Klipse)",Primljen prijem / otprema,50,50.0,2025-08-16 10:19:42,Slanje paketa - Prijem _ Otprema (17).xlsx,1. K0173
U-MHG,U mahagoni,Primljen prijem / otprema,50,49.0,2025-08-16 10:19:42,Slanje paketa - Prijem _ Otprema (17).xlsx,1. K0173
U-SRP,"Srednje Plava, Ravna, 65cm, (Jednodelne ""U"" Klipse)",Primljen prijem / otprema,50,50.0,2025-08-16 10:19:42,Slanje paketa - Prijem _ Otprema (17).xlsx,1. K0173
U-1B,"Crna, Ravna, 65cm, (Jednodelne ""U"" Klipse)",Primljen prijem / otprema,1,1.0,2025-07-21 12:13:25,Slanje paketa - Prijem _ Otprema (18).xlsx,1. K0173
EKSOPK-SRP,Ekstenzije srednje plava OPK,Primljen prijem / otprema,40,40.0,2025-08-29 10:33:04,Slanje paketa - Prijem _ Otprema (19).xlsx,1. K0173
RR-PLO,Rep platinum ombre ravni,Primljen prijem / otprema,30,30.0,2025-08-29 10:33:04,Slanje paketa - Prijem _ Otprema (19).xlsx,1. K0173
EKS-NAT,"Svetlo plave, ravne, ekstenzije na klipse / češljiće",Primljen prijem / otprema,35,33.0,2024-06-12 14:13:19,Slanje paketa - Prijem _ Otprema (2).xlsx,1. K0173
AR-PLO,Ariana platinum ombre,Primljen prijem / otprema,1,1.0,2025-09-17 12:50:13,Slanje paketa - Prijem _ Otprema (20).xlsx,1. K0173
AF-SMO,"Smeđa Ombre, Afro, 80cm (Rep na mrežicu)",Primljen prijem / otprema,20,20.0,2025-10-29 14:19:48,Slanje paketa - Prijem _ Otprema (21).xlsx,1. K0173
AR-4,Ariana tamno smedi,Primljen prijem / otprema,100,100.0,2025-10-29 14:19:48,Slanje paketa - Prijem _ Otprema (21).xlsx,1. K0173
AR-Najpl,Ariana najtamnija plava,Primljen prijem / otprema,15,15.0,2025-10-29 14:19:48,Slanje paketa - Prijem _ Otprema (21).xlsx,1. K0173
BD-10,Blowdry svetlo smeda,Primljen prijem / otprema,50,50.0,2025-10-29 14:19:48,Slanje paketa - Prijem _ Otprema (21).xlsx,1. K0173
BD-1B,Blowdry crna,Primljen prijem / otprema,100,100.0,2025-10-29 14:19:48,Slanje paketa - Prijem _ Otprema (21).xlsx,1. K0173
BD-2,Blowdry najtamnija smeda,Primljen prijem / otprema,50,47.0,2025-10-29 14:19:48,Slanje paketa - Prijem _ Otprema (21).xlsx,1. K0173
BD-4,Blowdry tamno smeda,Primljen prijem / otprema,70,63.0,2025-10-29 14:19:48,Slanje paketa - Prijem _ Otprema (21).xlsx,1. K0173
BD-6,Blowdry smeda,Primljen prijem / otprema,70,77.0,2025-10-29 14:19:48,Slanje paketa - Prijem _ Otprema (21).xlsx,1. K0173
BD-613,Blowdry svetlo plava,Primljen prijem / otprema,50,50.0,2025-10-29 14:19:48,Slanje paketa - Prijem _ Otprema (21).xlsx,1. K0173
BD-K16,Blowdry tamno plava,Primljen prijem / otprema,50,50.0,2025-10-29 14:19:48,Slanje paketa - Prijem _ Otprema (21).xlsx,1. K0173
BD-PLAT,Blowdry platinum,Primljen prijem / otprema,50,50.0,2025-10-29 14:19:48,Slanje paketa - Prijem _ Otprema (21).xlsx,1. K0173
BD-SMEDPR,Blowdry svetlo smeda s pramenovima,Primljen prijem / otprema,80,80.0,2025-10-29 14:19:48,Slanje paketa - Prijem _ Otprema (21).xlsx,1. K0173
BD-SRP,Blowdry srednje plava,Primljen prijem / otprema,70,70.0,2025-10-29 14:19:48,Slanje paketa - Prijem _ Otprema (21).xlsx,1. K0173
EKS-613,Ekstenzije svetlo plava ravna,Primljen prijem / otprema,30,30.0,2025-10-29 14:19:48,Slanje paketa - Prijem _ Otprema (21).xlsx,1. K0173
EKS-K16,"Tamno plave, ravne, ekstenzije na klipse / češljiće",Primljen prijem / otprema,40,40.0,2025-10-29 14:19:48,Slanje paketa - Prijem _ Otprema (21).xlsx,1. K0173
KRO-PP,"Platinum plavi ombre, Opuštena kovrča, 50cm (rep na mrežicu)",Primljen prijem / otprema,40,29.0,2025-10-29 14:19:48,Slanje paketa - Prijem _ Otprema (21).xlsx,1. K0173
KRO-SMPLV,"Smeđe plavi, Opuštena kovrča, 50cm (rep na mrežicu)",Primljen prijem / otprema,50,74.0,2025-10-29 14:19:48,Slanje paketa - Prijem _ Otprema (21).xlsx,1. K0173
RR-10,"Svetlo Smeđa, Ravna, 75cm (Rep na mrežicu)",Primljen prijem / otprema,35,35.0,2025-10-29 14:19:48,Slanje paketa - Prijem _ Otprema (21).xlsx,1. K0173
RR-613/K16,RR613/K16,Primljen prijem / otprema,50,50.0,2025-10-29 14:19:48,Slanje paketa - Prijem _ Otprema (21).xlsx,1. K0173
TRK-6,"Smeđi, ravni, rep na čičak trakicu, 75cm",Primljen prijem / otprema,20,20.0,2025-10-29 14:19:48,Slanje paketa - Prijem _ Otprema (21).xlsx,1. K0173
RR-SMEDPR,"Svetlo smeđa sa pamenovima, ravna, 75 (rep na mrežicu)",Primljen prijem / otprema,1,1.0,2025-10-16 12:26:27,Slanje paketa - Prijem _ Otprema (22).xlsx,1. K0173
OPK-SMO,"Smeđa Ombre, Opuštena Kovrča, 80cm, (Rep na mrežicu)",Primljen prijem / otprema,1,1.0,2025-10-17 11:49:14,Slanje paketa - Prijem _ Otprema (23).xlsx,1. K0173
P029,P029,Primljen prijem / otprema,5,5.0,2025-11-27 12:25:43,Slanje paketa - Prijem _ Otprema (24).xlsx,1. K0173
P043,P043,Primljen prijem / otprema,10,10.0,2025-11-27 12:25:43,Slanje paketa - Prijem _ Otprema (24).xlsx,1. K0173
P061,P061,Primljen prijem / otprema,15,14.0,2025-11-27 12:25:43,Slanje paketa - Prijem _ Otprema (24).xlsx,1. K0173
P068,P068,Primljen prijem / otprema,5,5.0,2025-11-27 12:25:43,Slanje paketa - Prijem _ Otprema (24).xlsx,1. K0173
P073,P073,Primljen prijem / otprema,5,5.0,2025-11-27 12:25:43,Slanje paketa - Prijem _ Otprema (24).xlsx,1. K0173
P078,P078,Primljen prijem / otprema,6,6.0,2025-11-27 12:25:43,Slanje paketa - Prijem _ Otprema (24).xlsx,1. K0173
P081,P081,Primljen prijem / otprema,9,9.0,2025-11-27 12:25:43,Slanje paketa - Prijem _ Otprema (24).xlsx,1. K0173
P084,P084,Primljen prijem / otprema,8,8.0,2025-11-27 12:25:43,Slanje paketa - Prijem _ Otprema (24).xlsx,1. K0173
P094,P094,Primljen prijem / otprema,5,5.0,2025-11-27 12:25:43,Slanje paketa - Prijem _ Otprema (24).xlsx,1. K0173
P095,P095,Primljen prijem / otprema,10,10.0,2025-11-27 12:25:43,Slanje paketa - Prijem _ Otprema (24).xlsx,1. K0173
P099,P099,Primljen prijem / otprema,6,6.0,2025-11-27 12:25:43,Slanje paketa - Prijem _ Otprema (24).xlsx,1. K0173
PR1,PR1,Primljen prijem / otprema,5,5.0,2025-11-27 12:25:43,Slanje paketa - Prijem _ Otprema (24).xlsx,1. K0173
PR11,PR11,Primljen prijem / otprema,8,8.0,2025-11-27 12:25:43,Slanje paketa - Prijem _ Otprema (24).xlsx,1. K0173
PR15,PR15,Primljen prijem / otprema,10,10.0,2025-11-27 12:25:43,Slanje paketa - Prijem _ Otprema (24).xlsx,1. K0173
PR16,PR16,Primljen prijem / otprema,5,5.0,2025-11-27 12:25:43,Slanje paketa - Prijem _ Otprema (24).xlsx,1. K0173
PR2,PR2,Primljen prijem / otprema,7,7.0,2025-11-27 12:25:43,Slanje paketa - Prijem _ Otprema (24).xlsx,1. K0173
PR20,PR20,Primljen prijem / otprema,5,5.0,2025-11-27 12:25:43,Slanje paketa - Prijem _ Otprema (24).xlsx,1. K0173
PR23,PR23,Primljen prijem / otprema,10,10.0,2025-11-27 12:25:43,Slanje paketa - Prijem _ Otprema (24).xlsx,1. K0173
PR33,PR33,Primljen prijem / otprema,4,4.0,2025-11-27 12:25:43,Slanje paketa - Prijem _ Otprema (24).xlsx,1. K0173
PR36,PR36,Primljen prijem / otprema,7,7.0,2025-11-27 12:25:43,Slanje paketa - Prijem _ Otprema (24).xlsx,1. K0173
PR4,Front Lace Premium Perika - Pr4,Primljen prijem / otprema,15,15.0,2025-11-27 12:25:43,Slanje paketa - Prijem _ Otprema (24).xlsx,1. K0173
PR5,PR5,Primljen prijem / otprema,4,4.0,2025-11-27 12:25:43,Slanje paketa - Prijem _ Otprema (24).xlsx,1. K0173
PR7,PR7,Primljen prijem / otprema,3,3.0,2025-11-27 12:25:43,Slanje paketa - Prijem _ Otprema (24).xlsx,1. K0173
AF-CRV,"Crveni, Afro, 80cm, (Rep na mrežicu)",Primljen prijem / otprema,3,3.0,2025-12-01 14:21:47,Slanje paketa - Prijem _ Otprema (25).xlsx,1. K0173
OPK-4,"Tamno Smeđa, Opuštena Kovrča, 80cm (Rep na mrežicu)",Primljen prijem / otprema,7,7.0,2025-12-01 14:21:47,Slanje paketa - Prijem _ Otprema (25).xlsx,1. K0173
OPK-NTP,"Šampanjac Plava, Opuštena kovrča, 80cm (Rep na mrežicu)",Primljen prijem / otprema,9,9.0,2025-12-01 14:21:47,Slanje paketa - Prijem _ Otprema (25).xlsx,1. K0173
RM-1,Repro materijal,Primljen prijem / otprema,1,1.0,2025-12-01 14:21:47,Slanje paketa - Prijem _ Otprema (25).xlsx,1. K0173
EKS-4,"Tamno smeđe, ravne, ekstenzije na klipse / češljiće",Primljen prijem / otprema,1,1.0,2025-12-18 07:28:30,Slanje paketa - Prijem _ Otprema (26).xlsx,1. K0173
AF-1,"Crna, Afro, 80cm (Rep na mrežicu)",Primljen prijem / otprema,31,31.0,2026-01-16 11:42:31,Slanje paketa - Prijem _ Otprema (27).xlsx,1. K0173
AF-2,"Najtamnija Smeđa, Afro, 80cm (Rep na mrežicu)",Primljen prijem / otprema,1,1.0,2026-01-16 11:42:31,Slanje paketa - Prijem _ Otprema (27).xlsx,1. K0173
AR-1B,Ariana crni,Primljen prijem / otprema,80,80.0,2026-01-16 11:42:31,Slanje paketa - Prijem _ Otprema (27).xlsx,1. K0173
AR-2,Ariana najtamnija smeda,Primljen prijem / otprema,50,50.0,2026-01-16 11:42:31,Slanje paketa - Prijem _ Otprema (27).xlsx,1. K0173
AR-4,Ariana tamno smedi,Primljen prijem / otprema,30,30.0,2026-01-16 11:42:31,Slanje paketa - Prijem _ Otprema (27).xlsx,1. K0173
AR-613,Ariana svetlo plavi,Primljen prijem / otprema,20,20.0,2026-01-16 11:42:31,Slanje paketa - Prijem _ Otprema (27).xlsx,1. K0173
AR-BAK,Ariana bakrena,Primljen prijem / otprema,20,0.0,2026-01-16 11:42:31,Slanje paketa - Prijem _ Otprema (27).xlsx,1. K0173
AR-K16,Ariana tamno plavi,Primljen prijem / otprema,20,20.0,2026-01-16 11:42:31,Slanje paketa - Prijem _ Otprema (27).xlsx,1. K0173
AR-PLO,Ariana platinum ombre,Primljen prijem / otprema,20,20.0,2026-01-16 11:42:31,Slanje paketa - Prijem _ Otprema (27).xlsx,1. K0173
AR-SMO,Arijana smedi ombre,Primljen prijem / otprema,50,50.0,2026-01-16 11:42:31,Slanje paketa - Prijem _ Otprema (27).xlsx,1. K0173
AR-SMPLV,Ariana smede plavi,Primljen prijem / otprema,35,35.0,2026-01-16 11:42:31,Slanje paketa - Prijem _ Otprema (27).xlsx,1. K0173
DR-1B,"Crna, Ravna, 90cm (Rep na mrežicu)",Primljen prijem / otprema,41,41.0,2026-01-16 11:42:31,Slanje paketa - Prijem _ Otprema (27).xlsx,1. K0173
DR-PP,"Platinum plava ombre, Ravna, 90cm (Rep na mrežicu)",Primljen prijem / otprema,10,10.0,2026-01-16 11:42:31,Slanje paketa - Prijem _ Otprema (27).xlsx,1. K0173
DR-SIVPL,"Sivo Plava, Ravna, 90cm (Rep na mrežicu)",Primljen prijem / otprema,10,10.0,2026-01-16 11:42:31,Slanje paketa - Prijem _ Otprema (27).xlsx,1. K0173
DR-SMPLV,"Smeđe plava, ravna, 90cm (Rep na mrežicu)",Primljen prijem / otprema,20,20.0,2026-01-16 11:42:31,Slanje paketa - Prijem _ Otprema (27).xlsx,1. K0173
EKS-1B,"Crne, ravne, ekstenzije na klipse / češljiće",Primljen prijem / otprema,100,100.0,2026-01-16 11:42:31,Slanje paketa - Prijem _ Otprema (27).xlsx,1. K0173
EKS-4,"Tamno smeđe, ravne, ekstenzije na klipse / češljiće",Primljen prijem / otprema,70,70.0,2026-01-16 11:42:31,Slanje paketa - Prijem _ Otprema (27).xlsx,1. K0173
EKS-6,Smeđe ravne ekstenzije na klipse / češljiće,Primljen prijem / otprema,40,40.0,2026-01-16 11:42:31,Slanje paketa - Prijem _ Otprema (27).xlsx,1. K0173
EKS-PLO,"Platinum plave ombre, ravne, ekstenzije na klipse / češljiće",Primljen prijem / otprema,15,15.0,2026-01-16 11:42:31,Slanje paketa - Prijem _ Otprema (27).xlsx,1. K0173
EKS-SIVPL,"Sivo plave, ravne, ekstenzije na klipse / češljiće",Primljen prijem / otprema,15,15.0,2026-01-16 11:42:31,Slanje paketa - Prijem _ Otprema (27).xlsx,1. K0173
EKS-SMPLV,Ekstenzije smede plava ravna,Primljen prijem / otprema,10,10.0,2026-01-16 11:42:31,Slanje paketa - Prijem _ Otprema (27).xlsx,1. K0173
EKS-SRP,Ekstenzije srednje plava ravna,Primljen prijem / otprema,40,40.0,2026-01-16 11:42:31,Slanje paketa - Prijem _ Otprema (27).xlsx,1. K0173
EKSOPK-10,Ekstenzije svetlo smede OPK,Primljen prijem / otprema,30,30.0,2026-01-16 11:42:31,Slanje paketa - Prijem _ Otprema (27).xlsx,1. K0173
EKSOPK-6,Ekstenzije smeda opk,Primljen prijem / otprema,20,0.0,2026-01-16 11:42:31,Slanje paketa - Prijem _ Otprema (27).xlsx,1. K0173
EKSOPK-K16,Ekstenzije tamno plava OPK,Primljen prijem / otprema,20,20.0,2026-01-16 11:42:31,Slanje paketa - Prijem _ Otprema (27).xlsx,1. K0173
KRO-1B,"Crna, Opuštena kovrča, 50cm (rep na mrežicu)",Primljen prijem / otprema,30,30.0,2026-01-16 11:42:31,Slanje paketa - Prijem _ Otprema (27).xlsx,1. K0173
KRO-4,"Tamno smeđa, Opuštena kovrča, 50cm (rep na mrežicu)",Primljen prijem / otprema,30,30.0,2026-01-16 11:42:31,Slanje paketa - Prijem _ Otprema (27).xlsx,1. K0173
KRO-MHG,"Mahagoni, Opuštena kovrča, 50cm (rep na mrežicu)",Primljen prijem / otprema,10,10.0,2026-01-16 11:42:31,Slanje paketa - Prijem _ Otprema (27).xlsx,1. K0173
KRO-PP,"Platinum plavi ombre, Opuštena kovrča, 50cm (rep na mrežicu)",Primljen prijem / otprema,25,36.0,2026-01-16 11:42:31,Slanje paketa - Prijem _ Otprema (27).xlsx,1. K0173
KRO-SMO,"Smeđi ombre, Opuštena kovrča, 50cm (rep na mrežicu)",Primljen prijem / otprema,20,20.0,2026-01-16 11:42:31,Slanje paketa - Prijem _ Otprema (27).xlsx,1. K0173
KRO-SMPLV,"Smeđe plavi, Opuštena kovrča, 50cm (rep na mrežicu)",Primljen prijem / otprema,51,40.0,2026-01-16 11:42:31,Slanje paketa - Prijem _ Otprema (27).xlsx,1. K0173
KRR-1B,"Crni, ravni rep, 50cm (rep ekstenzije)",Primljen prijem / otprema,25,25.0,2026-01-16 11:42:31,Slanje paketa - Prijem _ Otprema (27).xlsx,1. K0173
KRR-4,"Tamno smeđi, ravni rep, 50cm (rep ekstenzije)",Primljen prijem / otprema,40,40.0,2026-01-16 11:42:31,Slanje paketa - Prijem _ Otprema (27).xlsx,1. K0173
KRR-SMPLV,"Smeđe plavi, ravni rep, 50cm (rep ekstenzije)",Primljen prijem / otprema,20,20.0,2026-01-16 11:42:31,Slanje paketa - Prijem _ Otprema (27).xlsx,1. K0173
OPK-10,"Svetlo Smeđa, Opuštena kovrča, 80cm (Rep na mrežicu)",Primljen prijem / otprema,20,20.0,2026-01-16 11:42:31,Slanje paketa - Prijem _ Otprema (27).xlsx,1. K0173
OPK-1B,"Crna, Opuštena kovrča, 80cm (Rep na mrežicu)",Primljen prijem / otprema,100,100.0,2026-01-16 11:42:31,Slanje paketa - Prijem _ Otprema (27).xlsx,1. K0173
OPK-2,"Najtamnija Smeđa, Opuštena Kovrča, 80cm (Rep na mrežicu)",Primljen prijem / otprema,30,30.0,2026-01-16 11:42:31,Slanje paketa - Prijem _ Otprema (27).xlsx,1. K0173
OPK-6,"Smeđa, Opuštena kovrča, 80cm (Rep na mrežicu)",Primljen prijem / otprema,30,30.0,2026-01-16 11:42:31,Slanje paketa - Prijem _ Otprema (27).xlsx,1. K0173
OPK-SMO,"Smeđa Ombre, Opuštena Kovrča, 80cm, (Rep na mrežicu)",Primljen prijem / otprema,30,30.0,2026-01-16 11:42:31,Slanje paketa - Prijem _ Otprema (27).xlsx,1. K0173
PR51,PR51,Primljen prijem / otprema,5,5.0,2026-01-16 11:42:31,Slanje paketa - Prijem _ Otprema (27).xlsx,1. K0173
PR9,PR9,Primljen prijem / otprema,5,5.0,2026-01-16 11:42:31,Slanje paketa - Prijem _ Otprema (27).xlsx,1. K0173
RR-1B,"Crna, Ravna, 75cm (Rep na mrežicu)",Primljen prijem / otprema,80,80.0,2026-01-16 11:42:31,Slanje paketa - Prijem _ Otprema (27).xlsx,1. K0173
RR-2,"Najtamniji smeđi, ravni, 75cm (Rep na mrežicu)",Primljen prijem / otprema,40,40.0,2026-01-16 11:42:31,Slanje paketa - Prijem _ Otprema (27).xlsx,1. K0173
RR-350,"Crvena, Ravna, 75cm, (Rep na mrežicu)",Primljen prijem / otprema,15,15.0,2026-01-16 11:42:31,Slanje paketa - Prijem _ Otprema (27).xlsx,1. K0173
RR-4,"Tamno smeđa, Ravna, 75cm (Rep na mrežicu)",Primljen prijem / otprema,80,80.0,2026-01-16 11:42:31,Slanje paketa - Prijem _ Otprema (27).xlsx,1. K0173
RR-6,"Smeđa, Ravna, 75cm (Rep na mrežicu)",Primljen prijem / otprema,40,40.0,2026-01-16 11:42:31,Slanje paketa - Prijem _ Otprema (27).xlsx,1. K0173
RR-SIVPL,Rep sivo plavi ravni,Primljen prijem / otprema,15,15.0,2026-01-16 11:42:31,Slanje paketa - Prijem _ Otprema (27).xlsx,1. K0173
RR-SMP,"Smeđe Plava Ombre, Ravna, 75cm (Rep na mrežicu)",Primljen prijem / otprema,30,30.0,2026-01-16 11:42:31,Slanje paketa - Prijem _ Otprema (27).xlsx,1. K0173
RR-SRP,"Srednje Plavi, ravni, Rep na mrežicu",Primljen prijem / otprema,30,30.0,2026-01-16 11:42:31,Slanje paketa - Prijem _ Otprema (27).xlsx,1. K0173
TRK-1B,"Crni, ravni, Rep na čičak trakicu, 75cm",Primljen prijem / otprema,21,21.0,2026-01-16 11:42:31,Slanje paketa - Prijem _ Otprema (27).xlsx,1. K0173
TRK-4,"Tamno smeđi, ravni, rep na čičak trakicu, 75cm",Primljen prijem / otprema,15,15.0,2026-01-16 11:42:31,Slanje paketa - Prijem _ Otprema (27).xlsx,1. K0173
TRK-6,"Smeđi, ravni, rep na čičak trakicu, 75cm",Primljen prijem / otprema,20,20.0,2026-01-16 11:42:31,Slanje paketa - Prijem _ Otprema (27).xlsx,1. K0173
TRK-613,"Svetlo Plavi, ravni, rep na čičak trakicu",Primljen prijem / otprema,15,15.0,2026-01-16 11:42:31,Slanje paketa - Prijem _ Otprema (27).xlsx,1. K0173
TRK-K16,"Tamno plavi, ravni, rep na čičak trakicu, 75cm",Primljen prijem / otprema,15,15.0,2026-01-16 11:42:31,Slanje paketa - Prijem _ Otprema (27).xlsx,1. K0173
AR-BAK,Ariana bakrena,Primljen prijem / otprema,20,20.0,2026-01-21 14:04:58,Slanje paketa - Prijem _ Otprema (28).xlsx,1. K0173
EKSOPK-6,Ekstenzije smeda opk,Primljen prijem / otprema,20,20.0,2026-01-21 14:04:58,Slanje paketa - Prijem _ Otprema (28).xlsx,1. K0173
AF-1,"Crna, Afro, 80cm (Rep na mrežicu)",Primljen prijem / otprema,10,10.0,2024-08-28 08:45:29,Slanje paketa - Prijem _ Otprema (3).xlsx,1. K0173
AF-10,"Svetlo Smeđa, Afro, 80cm, (Rep na mrežicu)",Primljen prijem / otprema,15,15.0,2024-08-28 08:45:29,Slanje paketa - Prijem _ Otprema (3).xlsx,1. K0173
AF-4,"Tamno Smeđa, Afro, 80cm (Rep na mrežicu)",Primljen prijem / otprema,20,20.0,2024-08-28 08:45:29,Slanje paketa - Prijem _ Otprema (3).xlsx,1. K0173
AF-6,"Smeđa, Afro, 80cm (Rep na mrežicu)",Primljen prijem / otprema,20,20.0,2024-08-28 08:45:29,Slanje paketa - Prijem _ Otprema (3).xlsx,1. K0173
AF-613,"Svetlo Plava, Afro, 80cm (Rep na mrežicu)",Primljen prijem / otprema,20,20.0,2024-08-28 08:45:29,Slanje paketa - Prijem _ Otprema (3).xlsx,1. K0173
AF-K16,"Tamno Plava, Afro, 80cm (Rep na mrežicu)",Primljen prijem / otprema,20,20.0,2024-08-28 08:45:29,Slanje paketa - Prijem _ Otprema (3).xlsx,1. K0173
AF-MHG,"Mahagoni Crvena, Afro, 80cm (Rep na mrežicu)",Primljen prijem / otprema,10,10.0,2024-08-28 08:45:29,Slanje paketa - Prijem _ Otprema (3).xlsx,1. K0173
DR-1B,"Crna, Ravna, 90cm (Rep na mrežicu)",Primljen prijem / otprema,10,10.0,2024-08-28 08:45:29,Slanje paketa - Prijem _ Otprema (3).xlsx,1. K0173
DR-PP,"Platinum plava ombre, Ravna, 90cm (Rep na mrežicu)",Primljen prijem / otprema,10,10.0,2024-08-28 08:45:29,Slanje paketa - Prijem _ Otprema (3).xlsx,1. K0173
DR-SIVPL,"Sivo Plava, Ravna, 90cm (Rep na mrežicu)",Primljen prijem / otprema,1,1.0,2024-08-28 08:45:29,Slanje paketa - Prijem _ Otprema (3).xlsx,1. K0173
EKS-10,"Svetlo smeđe, ravne, ekstenzije na klipse / češljiće",Primljen prijem / otprema,20,0.0,2024-08-28 08:45:29,Slanje paketa - Prijem _ Otprema (3).xlsx,1. K0173
EKS-1B,"Crne, ravne, ekstenzije na klipse / češljiće",Primljen prijem / otprema,10,10.0,2024-08-28 08:45:29,Slanje paketa - Prijem _ Otprema (3).xlsx,1. K0173
EKS-4,"Tamno smeđe, ravne, ekstenzije na klipse / češljiće",Primljen prijem / otprema,11,11.0,2024-08-28 08:45:29,Slanje paketa - Prijem _ Otprema (3).xlsx,1. K0173
EKS-6,Smeđe ravne ekstenzije na klipse / češljiće,Primljen prijem / otprema,10,10.0,2024-08-28 08:45:29,Slanje paketa - Prijem _ Otprema (3).xlsx,1. K0173
EKS-K16,"Tamno plave, ravne, ekstenzije na klipse / češljiće",Primljen prijem / otprema,15,15.0,2024-08-28 08:45:29,Slanje paketa - Prijem _ Otprema (3).xlsx,1. K0173
EKS-NAT,"Svetlo plave, ravne, ekstenzije na klipse / češljiće",Primljen prijem / otprema,22,22.0,2024-08-28 08:45:29,Slanje paketa - Prijem _ Otprema (3).xlsx,1. K0173
EKS-PLO,"Platinum plave ombre, ravne, ekstenzije na klipse / češljiće",Primljen prijem / otprema,15,0.0,2024-08-28 08:45:29,Slanje paketa - Prijem _ Otprema (3).xlsx,1. K0173
EKS-PRAM,"Smeđe s plavim pramenovima, ravne, ekstenzije na klipse / češljiće",Primljen prijem / otprema,15,0.0,2024-08-28 08:45:29,Slanje paketa - Prijem _ Otprema (3).xlsx,1. K0173
EKS-SIVPL,"Sivo plave, ravne, ekstenzije na klipse / češljiće",Primljen prijem / otprema,10,0.0,2024-08-28 08:45:29,Slanje paketa - Prijem _ Otprema (3).xlsx,1. K0173
EKS-SSP,"Smeđe sa pramenovima, ravne, ekstenzije na klipse / češljiće",Primljen prijem / otprema,10,10.0,2024-08-28 08:45:29,Slanje paketa - Prijem _ Otprema (3).xlsx,1. K0173
OPK-1B,"Crna, Opuštena kovrča, 80cm (Rep na mrežicu)",Primljen prijem / otprema,40,37.0,2024-08-28 08:45:29,Slanje paketa - Prijem _ Otprema (3).xlsx,1. K0173
OPK-K16,"Tamno Plava, Opuštena kovrča, 80cm (Rep na mrežicu)",Primljen prijem / otprema,20,20.0,2024-08-28 08:45:29,Slanje paketa - Prijem _ Otprema (3).xlsx,1. K0173
OPK-NTP,"Šampanjac Plava, Opuštena kovrča, 80cm (Rep na mrežicu)",Primljen prijem / otprema,10,10.0,2024-08-28 08:45:29,Slanje paketa - Prijem _ Otprema (3).xlsx,1. K0173
OPK-SMO,"Smeđa Ombre, Opuštena Kovrča, 80cm, (Rep na mrežicu)",Primljen prijem / otprema,60,60.0,2024-08-28 08:45:29,Slanje paketa - Prijem _ Otprema (3).xlsx,1. K0173
RR-10,"Svetlo Smeđa, Ravna, 75cm (Rep na mrežicu)",Primljen prijem / otprema,20,20.0,2024-08-28 08:45:29,Slanje paketa - Prijem _ Otprema (3).xlsx,1. K0173
RR-1B,"Crna, Ravna, 75cm (Rep na mrežicu)",Primljen prijem / otprema,20,20.0,2024-08-28 08:45:29,Slanje paketa - Prijem _ Otprema (3).xlsx,1. K0173
RR-350,"Crvena, Ravna, 75cm, (Rep na mrežicu)",Primljen prijem / otprema,11,11.0,2024-08-28 08:45:29,Slanje paketa - Prijem _ Otprema (3).xlsx,1. K0173
RR-4,"Tamno smeđa, Ravna, 75cm (Rep na mrežicu)",Primljen prijem / otprema,15,15.0,2024-08-28 08:45:29,Slanje paketa - Prijem _ Otprema (3).xlsx,1. K0173
RR-6,"Smeđa, Ravna, 75cm (Rep na mrežicu)",Primljen prijem / otprema,10,10.0,2024-08-28 08:45:29,Slanje paketa - Prijem _ Otprema (3).xlsx,1. K0173
RR-613,"Svetlo Plava, Ravna, 75cm (Rep na mrežicu)",Primljen prijem / otprema,25,25.0,2024-08-28 08:45:29,Slanje paketa - Prijem _ Otprema (3).xlsx,1. K0173
RR-K16,"Tamno Plava, Ravna, 75cm, (Rep na mrežicu)",Primljen prijem / otprema,25,25.0,2024-08-28 08:45:29,Slanje paketa - Prijem _ Otprema (3).xlsx,1. K0173
RR-MHG,"Mahagoni Crvena, Ravna, 75cm, (Rep na mrežicu)",Primljen prijem / otprema,10,10.0,2024-08-28 08:45:29,Slanje paketa - Prijem _ Otprema (3).xlsx,1. K0173
RR-SMO,"Smeđa ombre, Ravna, 75cm, (Rep na mrežicu)",Primljen prijem / otprema,20,20.0,2024-08-28 08:45:29,Slanje paketa - Prijem _ Otprema (3).xlsx,1. K0173
RR-SMP,"Smeđe Plava Ombre, Ravna, 75cm (Rep na mrežicu)",Primljen prijem / otprema,10,10.0,2024-08-28 08:45:29,Slanje paketa - Prijem _ Otprema (3).xlsx,1. K0173
AF-1,"Crna, Afro, 80cm (Rep na mrežicu)",Primljen prijem / otprema,1,1.0,2024-09-18 19:52:28,Slanje paketa - Prijem _ Otprema (4).xlsx,1. K0173
AF-10,"Svetlo Smeđa, Afro, 80cm, (Rep na mrežicu)",Primljen prijem / otprema,1,1.0,2024-09-18 19:52:28,Slanje paketa - Prijem _ Otprema (4).xlsx,1. K0173
EKS-4,"Tamno smeđe, ravne, ekstenzije na klipse / češljiće",Primljen prijem / otprema,1,1.0,2024-09-18 19:52:28,Slanje paketa - Prijem _ Otprema (4).xlsx,1. K0173
OPK-SMO,"Smeđa Ombre, Opuštena Kovrča, 80cm, (Rep na mrežicu)",Primljen prijem / otprema,10,10.0,2024-09-18 19:52:28,Slanje paketa - Prijem _ Otprema (4).xlsx,1. K0173
RR-350,"Crvena, Ravna, 75cm, (Rep na mrežicu)",Primljen prijem / otprema,1,1.0,2024-09-18 19:52:28,Slanje paketa - Prijem _ Otprema (4).xlsx,1. K0173
AF-10,"Svetlo Smeđa, Afro, 80cm, (Rep na mrežicu)",Primljen prijem / otprema,7,7.0,2024-10-21 08:15:23,Slanje paketa - Prijem _ Otprema (5).xlsx,1. K0173
AF-2,"Najtamnija Smeđa, Afro, 80cm (Rep na mrežicu)",Primljen prijem / otprema,10,10.0,2024-10-21 08:15:23,Slanje paketa - Prijem _ Otprema (5).xlsx,1. K0173
AF-CRV,"Crveni, Afro, 80cm, (Rep na mrežicu)",Primljen prijem / otprema,10,10.0,2024-10-21 08:15:23,Slanje paketa - Prijem _ Otprema (5).xlsx,1. K0173
AF-MHG,"Mahagoni Crvena, Afro, 80cm (Rep na mrežicu)",Primljen prijem / otprema,7,7.0,2024-10-21 08:15:23,Slanje paketa - Prijem _ Otprema (5).xlsx,1. K0173
AF-PLAT,"Platinum, Afro, 80cm (Rep na mrežicu)",Primljen prijem / otprema,50,49.0,2024-10-21 08:15:23,Slanje paketa - Prijem _ Otprema (5).xlsx,1. K0173
AF-SMO,"Smeđa Ombre, Afro, 80cm (Rep na mrežicu)",Primljen prijem / otprema,10,10.0,2024-10-21 08:15:23,Slanje paketa - Prijem _ Otprema (5).xlsx,1. K0173
AF-SMP,"Smeđe Plava Ombre, Afro, 80cm (Rep na mrežicu)",Primljen prijem / otprema,10,10.0,2024-10-21 08:15:23,Slanje paketa - Prijem _ Otprema (5).xlsx,1. K0173
AF-SRP,Srednje plava ombre afro,Primljen prijem / otprema,60,60.0,2024-10-21 08:15:23,Slanje paketa - Prijem _ Otprema (5).xlsx,1. K0173
DR-1B,"Crna, Ravna, 90cm (Rep na mrežicu)",Primljen prijem / otprema,20,20.0,2024-10-21 08:15:23,Slanje paketa - Prijem _ Otprema (5).xlsx,1. K0173
DR-4,"Tamno Smeđi, Ravni, 90cm (Rep na mrežicu)",Primljen prijem / otprema,20,20.0,2024-10-21 08:15:23,Slanje paketa - Prijem _ Otprema (5).xlsx,1. K0173
EKS-10,"Svetlo smeđe, ravne, ekstenzije na klipse / češljiće",Primljen prijem / otprema,10,10.0,2024-10-21 08:15:23,Slanje paketa - Prijem _ Otprema (5).xlsx,1. K0173
EKS-1B,"Crne, ravne, ekstenzije na klipse / češljiće",Primljen prijem / otprema,50,50.0,2024-10-21 08:15:23,Slanje paketa - Prijem _ Otprema (5).xlsx,1. K0173
EKS-4,"Tamno smeđe, ravne, ekstenzije na klipse / češljiće",Primljen prijem / otprema,20,20.0,2024-10-21 08:15:23,Slanje paketa - Prijem _ Otprema (5).xlsx,1. K0173
EKS-6,Smeđe ravne ekstenzije na klipse / češljiće,Primljen prijem / otprema,10,10.0,2024-10-21 08:15:23,Slanje paketa - Prijem _ Otprema (5).xlsx,1. K0173
EKS-K16,"Tamno plave, ravne, ekstenzije na klipse / češljiće",Primljen prijem / otprema,20,20.0,2024-10-21 08:15:23,Slanje paketa - Prijem _ Otprema (5).xlsx,1. K0173
EKS-NAT,"Svetlo plave, ravne, ekstenzije na klipse / češljiće",Primljen prijem / otprema,15,15.0,2024-10-21 08:15:23,Slanje paketa - Prijem _ Otprema (5).xlsx,1. K0173
EKS-PLO,"Platinum plave ombre, ravne, ekstenzije na klipse / češljiće",Primljen prijem / otprema,10,10.0,2024-10-21 08:15:23,Slanje paketa - Prijem _ Otprema (5).xlsx,1. K0173
EKS-SMPLV,Ekstenzije smede plava ravna,Primljen prijem / otprema,20,20.0,2024-10-21 08:15:23,Slanje paketa - Prijem _ Otprema (5).xlsx,1. K0173
EKS-SRP,Ekstenzije srednje plava ravna,Primljen prijem / otprema,20,20.0,2024-10-21 08:15:23,Slanje paketa - Prijem _ Otprema (5).xlsx,1. K0173
EKS-SSP,"Smeđe sa pramenovima, ravne, ekstenzije na klipse / češljiće",Primljen prijem / otprema,10,10.0,2024-10-21 08:15:23,Slanje paketa - Prijem _ Otprema (5).xlsx,1. K0173
KRO-1B,"Crna, Opuštena kovrča, 50cm (rep na mrežicu)",Primljen prijem / otprema,25,25.0,2024-10-21 08:15:23,Slanje paketa - Prijem _ Otprema (5).xlsx,1. K0173
KRO-2,"Najtamnija Smeđa, Opuštena kovrča, 50cm (rep na mrežicu)",Primljen prijem / otprema,10,10.0,2024-10-21 08:15:23,Slanje paketa - Prijem _ Otprema (5).xlsx,1. K0173
KRO-4,"Tamno smeđa, Opuštena kovrča, 50cm (rep na mrežicu)",Primljen prijem / otprema,15,15.0,2024-10-21 08:15:23,Slanje paketa - Prijem _ Otprema (5).xlsx,1. K0173
KRO-6,"Smeđa, Opuštena kovrča, 50cm (rep na mrežicu)",Primljen prijem / otprema,15,15.0,2024-10-21 08:15:23,Slanje paketa - Prijem _ Otprema (5).xlsx,1. K0173
KRO-613,"Svetlo plavi, Opuštena kovrča, 50cm (rep na mrežicu)",Primljen prijem / otprema,15,15.0,2024-10-21 08:15:23,Slanje paketa - Prijem _ Otprema (5).xlsx,1. K0173
KRO-MHG,"Mahagoni, Opuštena kovrča, 50cm (rep na mrežicu)",Primljen prijem / otprema,7,7.0,2024-10-21 08:15:23,Slanje paketa - Prijem _ Otprema (5).xlsx,1. K0173
KRO-PP,"Platinum plavi ombre, Opuštena kovrča, 50cm (rep na mrežicu)",Primljen prijem / otprema,10,10.0,2024-10-21 08:15:23,Slanje paketa - Prijem _ Otprema (5).xlsx,1. K0173
KRO-SMO,"Smeđi ombre, Opuštena kovrča, 50cm (rep na mrežicu)",Primljen prijem / otprema,20,20.0,2024-10-21 08:15:23,Slanje paketa - Prijem _ Otprema (5).xlsx,1. K0173
KRO-SMPLV,"Smeđe plavi, Opuštena kovrča, 50cm (rep na mrežicu)",Primljen prijem / otprema,15,15.0,2024-10-21 08:15:23,Slanje paketa - Prijem _ Otprema (5).xlsx,1. K0173
KRO-k16,"Tamno plavi, Opuštena kovrča, 50cm (rep na mrežicu)",Primljen prijem / otprema,20,20.0,2024-10-21 08:15:23,Slanje paketa - Prijem _ Otprema (5).xlsx,1. K0173
KRR-1B,"Crni, ravni rep, 50cm (rep ekstenzije)",Primljen prijem / otprema,35,35.0,2024-10-21 08:15:23,Slanje paketa - Prijem _ Otprema (5).xlsx,1. K0173
KRR-2,Najtamnija smeda kratki,Primljen prijem / otprema,15,15.0,2024-10-21 08:15:23,Slanje paketa - Prijem _ Otprema (5).xlsx,1. K0173
KRR-4,"Tamno smeđi, ravni rep, 50cm (rep ekstenzije)",Primljen prijem / otprema,25,25.0,2024-10-21 08:15:23,Slanje paketa - Prijem _ Otprema (5).xlsx,1. K0173
KRR-MHG,"Mahagoni, ravni rep, 50cm (rep ekstenzije)",Primljen prijem / otprema,10,10.0,2024-10-21 08:15:23,Slanje paketa - Prijem _ Otprema (5).xlsx,1. K0173
KRR-SMO,"Smeđi ombre, ravni rep, 50cm (rep ekstenzije)",Primljen prijem / otprema,20,0.0,2024-10-21 08:15:23,Slanje paketa - Prijem _ Otprema (5).xlsx,1. K0173
KRR-SMPLV,"Smeđe plavi, ravni rep, 50cm (rep ekstenzije)",Primljen prijem / otprema,10,10.0,2024-10-21 08:15:23,Slanje paketa - Prijem _ Otprema (5).xlsx,1. K0173
KRR-k16,"Tamno plavi, ravni rep, 50cm (rep ekstenzije)",Primljen prijem / otprema,30,30.0,2024-10-21 08:15:23,Slanje paketa - Prijem _ Otprema (5).xlsx,1. K0173
OPK-10,"Svetlo Smeđa, Opuštena kovrča, 80cm (Rep na mrežicu)",Primljen prijem / otprema,50,50.0,2024-10-21 08:15:23,Slanje paketa - Prijem _ Otprema (5).xlsx,1. K0173
OPK-1B,"Crna, Opuštena kovrča, 80cm (Rep na mrežicu)",Primljen prijem / otprema,40,31.0,2024-10-21 08:15:23,Slanje paketa - Prijem _ Otprema (5).xlsx,1. K0173
OPK-2,"Najtamnija Smeđa, Opuštena Kovrča, 80cm (Rep na mrežicu)",Primljen prijem / otprema,20,29.0,2024-10-21 08:15:23,Slanje paketa - Prijem _ Otprema (5).xlsx,1. K0173
OPK-4,"Tamno Smeđa, Opuštena Kovrča, 80cm (Rep na mrežicu)",Primljen prijem / otprema,100,100.0,2024-10-21 08:15:23,Slanje paketa - Prijem _ Otprema (5).xlsx,1. K0173
OPK-6,"Smeđa, Opuštena kovrča, 80cm (Rep na mrežicu)",Primljen prijem / otprema,40,40.0,2024-10-21 08:15:23,Slanje paketa - Prijem _ Otprema (5).xlsx,1. K0173
OPK-K16,"Tamno Plava, Opuštena kovrča, 80cm (Rep na mrežicu)",Primljen prijem / otprema,10,10.0,2024-10-21 08:15:23,Slanje paketa - Prijem _ Otprema (5).xlsx,1. K0173
OPK-MHG,"Mahagoni Crvena, Opuštena kovrča, 80cm, (Rep na mrežicu)",Primljen prijem / otprema,15,15.0,2024-10-21 08:15:23,Slanje paketa - Prijem _ Otprema (5).xlsx,1. K0173
OPK-NTP,"Šampanjac Plava, Opuštena kovrča, 80cm (Rep na mrežicu)",Primljen prijem / otprema,20,20.0,2024-10-21 08:15:23,Slanje paketa - Prijem _ Otprema (5).xlsx,1. K0173
OPK-PLAT,"Platinum, Opuštena kovrča, 80cm (Rep na mrežicu)",Primljen prijem / otprema,50,50.0,2024-10-21 08:15:23,Slanje paketa - Prijem _ Otprema (5).xlsx,1. K0173
OPK-SMO,"Smeđa Ombre, Opuštena Kovrča, 80cm, (Rep na mrežicu)",Primljen prijem / otprema,15,15.0,2024-10-21 08:15:23,Slanje paketa - Prijem _ Otprema (5).xlsx,1. K0173
RR-10,"Svetlo Smeđa, Ravna, 75cm (Rep na mrežicu)",Primljen prijem / otprema,10,10.0,2024-10-21 08:15:23,Slanje paketa - Prijem _ Otprema (5).xlsx,1. K0173
RR-1B,"Crna, Ravna, 75cm (Rep na mrežicu)",Primljen prijem / otprema,30,30.0,2024-10-21 08:15:23,Slanje paketa - Prijem _ Otprema (5).xlsx,1. K0173
RR-2,"Najtamniji smeđi, ravni, 75cm (Rep na mrežicu)",Primljen prijem / otprema,20,20.0,2024-10-21 08:15:23,Slanje paketa - Prijem _ Otprema (5).xlsx,1. K0173
RR-350,"Crvena, Ravna, 75cm, (Rep na mrežicu)",Primljen prijem / otprema,7,7.0,2024-10-21 08:15:23,Slanje paketa - Prijem _ Otprema (5).xlsx,1. K0173
RR-4,"Tamno smeđa, Ravna, 75cm (Rep na mrežicu)",Primljen prijem / otprema,15,15.0,2024-10-21 08:15:23,Slanje paketa - Prijem _ Otprema (5).xlsx,1. K0173
RR-613,"Svetlo Plava, Ravna, 75cm (Rep na mrežicu)",Primljen prijem / otprema,10,10.0,2024-10-21 08:15:23,Slanje paketa - Prijem _ Otprema (5).xlsx,1. K0173
RR-K16,"Tamno Plava, Ravna, 75cm, (Rep na mrežicu)",Primljen prijem / otprema,10,10.0,2024-10-21 08:15:23,Slanje paketa - Prijem _ Otprema (5).xlsx,1. K0173
RR-KAR,"Karamela, Ravna, 75cm (Rep na mrežicu)",Primljen prijem / otprema,15,15.0,2024-10-21 08:15:23,Slanje paketa - Prijem _ Otprema (5).xlsx,1. K0173
RR-MHG,"Mahagoni Crvena, Ravna, 75cm, (Rep na mrežicu)",Primljen prijem / otprema,7,7.0,2024-10-21 08:15:23,Slanje paketa - Prijem _ Otprema (5).xlsx,1. K0173
RR-PLAT,"Platinum, ravna, 75 (Rep na mrežicu)",Primljen prijem / otprema,50,50.0,2024-10-21 08:15:23,Slanje paketa - Prijem _ Otprema (5).xlsx,1. K0173
RR-SMEDPR,"Svetlo smeđa sa pamenovima, ravna, 75 (rep na mrežicu)",Primljen prijem / otprema,50,50.0,2024-10-21 08:15:23,Slanje paketa - Prijem _ Otprema (5).xlsx,1. K0173
RR-SMO,"Smeđa ombre, Ravna, 75cm, (Rep na mrežicu)",Primljen prijem / otprema,20,20.0,2024-10-21 08:15:23,Slanje paketa - Prijem _ Otprema (5).xlsx,1. K0173
RR-SMP,"Smeđe Plava Ombre, Ravna, 75cm (Rep na mrežicu)",Primljen prijem / otprema,20,20.0,2024-10-21 08:15:23,Slanje paketa - Prijem _ Otprema (5).xlsx,1. K0173
RR-SRP,"Srednje Plavi, ravni, Rep na mrežicu",Primljen prijem / otprema,25,25.0,2024-10-21 08:15:23,Slanje paketa - Prijem _ Otprema (5).xlsx,1. K0173
TRK-1B,"Crni, ravni, Rep na čičak trakicu, 75cm",Primljen prijem / otprema,35,35.0,2024-10-21 08:15:23,Slanje paketa - Prijem _ Otprema (5).xlsx,1. K0173
TRK-2,Najtamnija smeda trakica,Primljen prijem / otprema,15,0.0,2024-10-21 08:15:23,Slanje paketa - Prijem _ Otprema (5).xlsx,1. K0173
TRK-4,"Tamno smeđi, ravni, rep na čičak trakicu, 75cm",Primljen prijem / otprema,25,25.0,2024-10-21 08:15:23,Slanje paketa - Prijem _ Otprema (5).xlsx,1. K0173
TRK-K16,"Tamno plavi, ravni, rep na čičak trakicu, 75cm",Primljen prijem / otprema,20,20.0,2024-10-21 08:15:23,Slanje paketa - Prijem _ Otprema (5).xlsx,1. K0173
KRR-SMO,"Smeđi ombre, ravni rep, 50cm (rep ekstenzije)",Primljen prijem / otprema,1,20.0,2024-10-23 09:24:46,Slanje paketa - Prijem _ Otprema (6).xlsx,1. K0173
TRK-6,"Smeđi, ravni, rep na čičak trakicu, 75cm",Primljen prijem / otprema,1,15.0,2024-10-23 09:24:46,Slanje paketa - Prijem _ Otprema (6).xlsx,1. K0173
KRO-6,"Smeđa, Opuštena kovrča, 50cm (rep na mrežicu)",Primljen prijem / otprema,1,1.0,2024-11-22 13:03:57,Slanje paketa - Prijem _ Otprema (7).xlsx,1. K0173
OPK-2,"Najtamnija Smeđa, Opuštena Kovrča, 80cm (Rep na mrežicu)",Primljen prijem / otprema,1,1.0,2024-11-22 13:03:57,Slanje paketa - Prijem _ Otprema (7).xlsx,1. K0173
AF-1,"Crna, Afro, 80cm (Rep na mrežicu)",Primljen prijem / otprema,40,40.0,2024-12-17 08:20:10,Slanje paketa - Prijem _ Otprema (8).xlsx,1. K0173
DR-1B,"Crna, Ravna, 90cm (Rep na mrežicu)",Primljen prijem / otprema,10,10.0,2024-12-17 08:20:10,Slanje paketa - Prijem _ Otprema (8).xlsx,1. K0173
DR-4,"Tamno Smeđi, Ravni, 90cm (Rep na mrežicu)",Primljen prijem / otprema,15,15.0,2024-12-17 08:20:10,Slanje paketa - Prijem _ Otprema (8).xlsx,1. K0173
DR-SMPLV,"Smeđe plava, ravna, 90cm (Rep na mrežicu)",Primljen prijem / otprema,15,15.0,2024-12-17 08:20:10,Slanje paketa - Prijem _ Otprema (8).xlsx,1. K0173
EKS-10,"Svetlo smeđe, ravne, ekstenzije na klipse / češljiće",Primljen prijem / otprema,15,15.0,2024-12-17 08:20:10,Slanje paketa - Prijem _ Otprema (8).xlsx,1. K0173
EKS-4,"Tamno smeđe, ravne, ekstenzije na klipse / češljiće",Primljen prijem / otprema,20,20.0,2024-12-17 08:20:10,Slanje paketa - Prijem _ Otprema (8).xlsx,1. K0173
EKS-6,Smeđe ravne ekstenzije na klipse / češljiće,Primljen prijem / otprema,20,20.0,2024-12-17 08:20:10,Slanje paketa - Prijem _ Otprema (8).xlsx,1. K0173
EKS-K16,"Tamno plave, ravne, ekstenzije na klipse / češljiće",Primljen prijem / otprema,15,15.0,2024-12-17 08:20:10,Slanje paketa - Prijem _ Otprema (8).xlsx,1. K0173
EKS-NAT,"Svetlo plave, ravne, ekstenzije na klipse / češljiće",Primljen prijem / otprema,25,25.0,2024-12-17 08:20:10,Slanje paketa - Prijem _ Otprema (8).xlsx,1. K0173
EKS-SIVPL,"Sivo plave, ravne, ekstenzije na klipse / češljiće",Primljen prijem / otprema,10,10.0,2024-12-17 08:20:10,Slanje paketa - Prijem _ Otprema (8).xlsx,1. K0173
EKS-SRP,Ekstenzije srednje plava ravna,Primljen prijem / otprema,10,10.0,2024-12-17 08:20:10,Slanje paketa - Prijem _ Otprema (8).xlsx,1. K0173
OPK-1B,"Crna, Opuštena kovrča, 80cm (Rep na mrežicu)",Primljen prijem / otprema,50,50.0,2024-12-17 08:20:10,Slanje paketa - Prijem _ Otprema (8).xlsx,1. K0173
OPK-K16,"Tamno Plava, Opuštena kovrča, 80cm (Rep na mrežicu)",Primljen prijem / otprema,15,15.0,2024-12-17 08:20:10,Slanje paketa - Prijem _ Otprema (8).xlsx,1. K0173
OPK-MHG,"Mahagoni Crvena, Opuštena kovrča, 80cm, (Rep na mrežicu)",Primljen prijem / otprema,10,10.0,2024-12-17 08:20:10,Slanje paketa - Prijem _ Otprema (8).xlsx,1. K0173
OPK-SMP,"Smeđe Plava Ombre, Opuštena kovrča, 80cm (Rep na mrežicu)",Primljen prijem / otprema,15,15.0,2024-12-17 08:20:10,Slanje paketa - Prijem _ Otprema (8).xlsx,1. K0173
RR-4,"Tamno smeđa, Ravna, 75cm (Rep na mrežicu)",Primljen prijem / otprema,20,20.0,2024-12-17 08:20:10,Slanje paketa - Prijem _ Otprema (8).xlsx,1. K0173
RR-6,"Smeđa, Ravna, 75cm (Rep na mrežicu)",Primljen prijem / otprema,20,20.0,2024-12-17 08:20:10,Slanje paketa - Prijem _ Otprema (8).xlsx,1. K0173
RR-MHG,"Mahagoni Crvena, Ravna, 75cm, (Rep na mrežicu)",Primljen prijem / otprema,15,15.0,2024-12-17 08:20:10,Slanje paketa - Prijem _ Otprema (8).xlsx,1. K0173
TRK-10,"Svetlo smeđi, ravni, rep na čičak trakicu, 75cm",Primljen prijem / otprema,15,15.0,2024-12-17 08:20:10,Slanje paketa - Prijem _ Otprema (8).xlsx,1. K0173
TRK-4,"Tamno smeđi, ravni, rep na čičak trakicu, 75cm",Primljen prijem / otprema,10,10.0,2024-12-17 08:20:10,Slanje paketa - Prijem _ Otprema (8).xlsx,1. K0173
TRK-6,"Smeđi, ravni, rep na čičak trakicu, 75cm",Primljen prijem / otprema,20,20.0,2024-12-17 08:20:10,Slanje paketa - Prijem _ Otprema (8).xlsx,1. K0173
TRK-613,"Svetlo Plavi, ravni, rep na čičak trakicu",Primljen prijem / otprema,15,15.0,2024-12-17 08:20:10,Slanje paketa - Prijem _ Otprema (8).xlsx,1. K0173
U-10,"Svetlo Smeđa, 65cm, ravne (Jednodelne ""U"" Klipse)",Primljen prijem / otprema,50,50.0,2024-12-17 08:20:10,Slanje paketa - Prijem _ Otprema (8).xlsx,1. K0173
U-1B,"Crna, Ravna, 65cm, (Jednodelne ""U"" Klipse)",Primljen prijem / otprema,80,80.0,2024-12-17 08:20:10,Slanje paketa - Prijem _ Otprema (8).xlsx,1. K0173
U-4,"Tamno Smeđe, Ravne, 65cm, (U Klipse)",Primljen prijem / otprema,60,60.0,2024-12-17 08:20:10,Slanje paketa - Prijem _ Otprema (8).xlsx,1. K0173
U-6,"Smeđe, 65cm, ravne (Jednodjelne ""U"" Klipse)",Primljen prijem / otprema,50,50.0,2024-12-17 08:20:10,Slanje paketa - Prijem _ Otprema (8).xlsx,1. K0173
U-613,"Svetlo Plave, 65cm, ravne (Jednodjelne ""U"" Klipse)",Primljen prijem / otprema,50,50.0,2024-12-17 08:20:10,Slanje paketa - Prijem _ Otprema (8).xlsx,1. K0173
U-K16,"Tamno Plava, Ravna, 65cm, (Jednodelne ""U"" Klipse)",Primljen prijem / otprema,50,50.0,2024-12-17 08:20:10,Slanje paketa - Prijem _ Otprema (8).xlsx,1. K0173
U-PLAT,"Platinum, Ravna, 65cm, (Jednodelne ""U"" Klipse)",Primljen prijem / otprema,50,50.0,2024-12-17 08:20:10,Slanje paketa - Prijem _ Otprema (8).xlsx,1. K0173
U-SRP,"Srednje Plava, Ravna, 65cm, (Jednodelne ""U"" Klipse)",Primljen prijem / otprema,60,60.0,2024-12-17 08:20:10,Slanje paketa - Prijem _ Otprema (8).xlsx,1. K0173
P001,P001,Primljen prijem / otprema,10,10.0,2024-12-24 13:07:19,Slanje paketa - Prijem _ Otprema (9).xlsx,1. K0173
P006,P006,Primljen prijem / otprema,25,25.0,2024-12-24 13:07:19,Slanje paketa - Prijem _ Otprema (9).xlsx,1. K0173
P007,P007,Primljen prijem / otprema,15,15.0,2024-12-24 13:07:19,Slanje paketa - Prijem _ Otprema (9).xlsx,1. K0173
P012,P012,Primljen prijem / otprema,20,20.0,2024-12-24 13:07:19,Slanje paketa - Prijem _ Otprema (9).xlsx,1. K0173
P014,P014,Primljen prijem / otprema,15,15.0,2024-12-24 13:07:19,Slanje paketa - Prijem _ Otprema (9).xlsx,1. K0173
P029,P029,Primljen prijem / otprema,15,15.0,2024-12-24 13:07:19,Slanje paketa - Prijem _ Otprema (9).xlsx,1. K0173
P041,P041,Primljen prijem / otprema,10,10.0,2024-12-24 13:07:19,Slanje paketa - Prijem _ Otprema (9).xlsx,1. K0173
P043,P043,Primljen prijem / otprema,10,10.0,2024-12-24 13:07:19,Slanje paketa - Prijem _ Otprema (9).xlsx,1. K0173
P061,P061,Primljen prijem / otprema,15,15.0,2024-12-24 13:07:19,Slanje paketa - Prijem _ Otprema (9).xlsx,1. K0173
P069,P069,Primljen prijem / otprema,15,15.0,2024-12-24 13:07:19,Slanje paketa - Prijem _ Otprema (9).xlsx,1. K0173
P081,P081,Primljen prijem / otprema,15,15.0,2024-12-24 13:07:19,Slanje paketa - Prijem _ Otprema (9).xlsx,1. K0173
P084,P084,Primljen prijem / otprema,20,20.0,2024-12-24 13:07:19,Slanje paketa - Prijem _ Otprema (9).xlsx,1. K0173
P093,P093,Primljen prijem / otprema,20,20.0,2024-12-24 13:07:19,Slanje paketa - Prijem _ Otprema (9).xlsx,1. K0173
P094,P094,Primljen prijem / otprema,10,10.0,2024-12-24 13:07:19,Slanje paketa - Prijem _ Otprema (9).xlsx,1. K0173
P095,P095,Primljen prijem / otprema,15,15.0,2024-12-24 13:07:19,Slanje paketa - Prijem _ Otprema (9).xlsx,1. K0173
P096,P096,Primljen prijem / otprema,10,10.0,2024-12-24 13:07:19,Slanje paketa - Prijem _ Otprema (9).xlsx,1. K0173
PR1,PR1,Primljen prijem / otprema,5,5.0,2024-12-24 13:07:19,Slanje paketa - Prijem _ Otprema (9).xlsx,1. K0173
PR12,PR12,Primljen prijem / otprema,7,7.0,2024-12-24 13:07:19,Slanje paketa - Prijem _ Otprema (9).xlsx,1. K0173
PR15,PR15,Primljen prijem / otprema,7,7.0,2024-12-24 13:07:19,Slanje paketa - Prijem _ Otprema (9).xlsx,1. K0173
PR18,PR18,Primljen prijem / otprema,15,15.0,2024-12-24 13:07:19,Slanje paketa - Prijem _ Otprema (9).xlsx,1. K0173
PR2,PR2,Primljen prijem / otprema,8,8.0,2024-12-24 13:07:19,Slanje paketa - Prijem _ Otprema (9).xlsx,1. K0173
PR22,PR22,Primljen prijem / otprema,10,10.0,2024-12-24 13:07:19,Slanje paketa - Prijem _ Otprema (9).xlsx,1. K0173
PR26,PR26,Primljen prijem / otprema,10,10.0,2024-12-24 13:07:19,Slanje paketa - Prijem _ Otprema (9).xlsx,1. K0173
PR28,PR28,Primljen prijem / otprema,6,6.0,2024-12-24 13:07:19,Slanje paketa - Prijem _ Otprema (9).xlsx,1. K0173
PR31,PR31,Primljen prijem / otprema,10,10.0,2024-12-24 13:07:19,Slanje paketa - Prijem _ Otprema (9).xlsx,1. K0173
PR33,PR33,Primljen prijem / otprema,10,10.0,2024-12-24 13:07:19,Slanje paketa - Prijem _ Otprema (9).xlsx,1. K0173
PR36,PR36,Primljen prijem / otprema,8,8.0,2024-12-24 13:07:19,Slanje paketa - Prijem _ Otprema (9).xlsx,1. K0173
PR4,Front Lace Premium Perika - Pr4,Primljen prijem / otprema,15,15.0,2024-12-24 13:07:19,Slanje paketa - Prijem _ Otprema (9).xlsx,1. K0173
PR41,PR41,Primljen prijem / otprema,4,4.0,2024-12-24 13:07:19,Slanje paketa - Prijem _ Otprema (9).xlsx,1. K0173
PR43,PR43,Primljen prijem / otprema,15,15.0,2024-12-24 13:07:19,Slanje paketa - Prijem _ Otprema (9).xlsx,1. K0173
PR6,PR6,Primljen prijem / otprema,15,15.0,2024-12-24 13:07:19,Slanje paketa - Prijem _ Otprema (9).xlsx,1. K0173
PR8,PR8,Primljen prijem / otprema,6,6.0,2024-12-24 13:07:19,Slanje paketa - Prijem _ Otprema (9).xlsx,1. K0173
EKS-10,"Svetlo smeđe, ravne, ekstenzije na klipse / češljiće",Primljen prijem / otprema,20,20.0,2024-08-28 12:38:33,Slanje paketa - Prijem _ Otprema.xlsx,1. K0173
EKS-PLO,"Platinum plave ombre, ravne, ekstenzije na klipse / češljiće",Primljen prijem / otprema,15,15.0,2024-08-28 12:38:33,Slanje paketa - Prijem _ Otprema.xlsx,1. K0173
EKS-PRAM,"Smeđe s plavim pramenovima, ravne, ekstenzije na klipse / češljiće",Primljen prijem / otprema,15,15.0,2024-08-28 12:38:33,Slanje paketa - Prijem _ Otprema.xlsx,1. K0173
EKS-SIVPL,"Sivo plave, ravne, ekstenzije na klipse / češljiće",Primljen prijem / otprema,10,10.0,2024-08-28 12:38:33,Slanje paketa - Prijem _ Otprema.xlsx,1. K0173
